ISO-10303-21;
HEADER;
/* Generated by software containing ST-Developer
 * from STEP Tools, Inc. (www.steptools.com) 
 */
/* OPTION: using custom renumber hook */

FILE_DESCRIPTION(
/* description */ ('STEP AP242 Edition 2',
'CAx-IF Rec.Pracs.---Representation and Presentation of Product Manufa
cturing Information (PMI)---4.0---2014-10-13',
'CAx-IF Rec.Pracs.---3D Tessellated Geometry---0.4---2014-09-14','2;1',
'CAx-IF Rec.Pracs.---User Defined Attributes---1.5---2016-08-15'),
/* implementation_level */ '2;1');

FILE_NAME(
/* name */ 'Plate',
/* time_stamp */ '2026-08-19T10:22:13Z',
/* author */ (''),
/* organization */ (''),
/* preprocessor_version */ 'ST-DEVELOPER v20',
/* originating_system */ 'ONSHAPE BY PTC INC, 1.219',
/* authorisation */ '  ');

FILE_SCHEMA (('AP242_MANAGED_MODEL_BASED_3D_ENGINEERING_MIM_LF { 1 0 10303 442 3 1 4 }'));
ENDSEC;

DATA;
#10=SHAPE_REPRESENTATION_RELATIONSHIP('','',#1844,#11);
#11=ADVANCED_BREP_SHAPE_REPRESENTATION('',(#1842),#3008);
#12=B_SPLINE_SURFACE_WITH_KNOTS('',1,3,((#2932,#2933,#2934,#2935,#2936,
#2937),(#2938,#2939,#2940,#2941,#2942,#2943)),.RULED_SURF.,.F.,.F.,.F.,
(2,2),(4,2,4),(0.,1.),(1.5707963267949,2.35619449019234,3.1415926535898),
 .UNSPECIFIED.);
#13=B_SPLINE_SURFACE_WITH_KNOTS('',1,3,((#2948,#2949,#2950,#2951,#2952,
#2953),(#2954,#2955,#2956,#2957,#2958,#2959)),.RULED_SURF.,.F.,.F.,.F.,
(2,2),(4,2,4),(0.,1.),(3.1415926535898,3.92699081698724,4.71238898038469),
 .UNSPECIFIED.);
#14=B_SPLINE_SURFACE_WITH_KNOTS('',1,3,((#2974,#2975,#2976,#2977,#2978,
#2979),(#2980,#2981,#2982,#2983,#2984,#2985)),.RULED_SURF.,.F.,.F.,.F.,
(2,2),(4,2,4),(0.,1.),(3.1415926535898,3.92699081698724,4.71238898038469),
 .UNSPECIFIED.);
#15=B_SPLINE_SURFACE_WITH_KNOTS('',1,3,((#2990,#2991,#2992,#2993,#2994,
#2995),(#2996,#2997,#2998,#2999,#3000,#3001)),.RULED_SURF.,.F.,.F.,.F.,
(2,2),(4,2,4),(0.,1.),(1.5707963267949,2.35619449019234,3.1415926535898),
 .UNSPECIFIED.);
#16=CYLINDRICAL_SURFACE('',#1933,0.0017);
#17=CYLINDRICAL_SURFACE('',#1937,0.003);
#18=CYLINDRICAL_SURFACE('',#1938,0.0017);
#19=CYLINDRICAL_SURFACE('',#1942,0.003);
#20=CYLINDRICAL_SURFACE('',#1943,0.0017);
#21=CYLINDRICAL_SURFACE('',#1947,0.003);
#22=CYLINDRICAL_SURFACE('',#1948,0.0017);
#23=CYLINDRICAL_SURFACE('',#1952,0.003);
#24=CYLINDRICAL_SURFACE('',#1953,0.002);
#25=CYLINDRICAL_SURFACE('',#1954,0.002);
#26=CYLINDRICAL_SURFACE('',#1955,0.002);
#27=CYLINDRICAL_SURFACE('',#1956,0.002);
#28=CIRCLE('',#1876,0.0017);
#29=CIRCLE('',#1877,0.0017);
#30=CIRCLE('',#1878,0.0017);
#31=CIRCLE('',#1879,0.0017);
#32=CIRCLE('',#1880,0.002);
#33=CIRCLE('',#1881,0.002);
#34=CIRCLE('',#1882,0.002);
#35=CIRCLE('',#1883,0.002);
#36=CIRCLE('',#1934,0.0017);
#37=CIRCLE('',#1936,0.003);
#38=CIRCLE('',#1939,0.0017);
#39=CIRCLE('',#1941,0.003);
#40=CIRCLE('',#1944,0.0017);
#41=CIRCLE('',#1946,0.003);
#42=CIRCLE('',#1949,0.0017);
#43=CIRCLE('',#1951,0.003);
#44=ELLIPSE('',#1871,0.00300182863289647,0.003);
#45=ELLIPSE('',#1872,0.00300182863289647,0.003);
#46=ELLIPSE('',#1873,0.00300182863289647,0.003);
#47=ELLIPSE('',#1874,0.00300182863289647,0.003);
#48=B_SPLINE_CURVE_WITH_KNOTS('',3,(#2562,#2563,#2564,#2565,#2566),
 .UNSPECIFIED.,.F.,.F.,(4,1,4),(0.,0.5,1.),.UNSPECIFIED.);
#49=B_SPLINE_CURVE_WITH_KNOTS('',3,(#2571,#2572,#2573,#2574,#2575),
 .UNSPECIFIED.,.F.,.F.,(4,1,4),(0.,0.5,1.),.UNSPECIFIED.);
#50=B_SPLINE_CURVE_WITH_KNOTS('',3,(#2579,#2580,#2581,#2582,#2583),
 .UNSPECIFIED.,.F.,.F.,(4,1,4),(0.,0.5,1.),.UNSPECIFIED.);
#51=B_SPLINE_CURVE_WITH_KNOTS('',3,(#2587,#2588,#2589,#2590,#2591),
 .UNSPECIFIED.,.F.,.F.,(4,1,4),(0.,0.5,1.),.UNSPECIFIED.);
#52=B_SPLINE_CURVE_WITH_KNOTS('',3,(#2900,#2901,#2902,#2903,#2904),
 .UNSPECIFIED.,.F.,.F.,(4,1,4),(0.,0.5,1.),.UNSPECIFIED.);
#53=B_SPLINE_CURVE_WITH_KNOTS('',3,(#2906,#2907,#2908,#2909,#2910),
 .UNSPECIFIED.,.F.,.F.,(4,1,4),(0.,0.5,1.),.UNSPECIFIED.);
#54=B_SPLINE_CURVE_WITH_KNOTS('',3,(#2912,#2913,#2914,#2915,#2916),
 .UNSPECIFIED.,.F.,.F.,(4,1,4),(0.,0.5,1.),.UNSPECIFIED.);
#55=B_SPLINE_CURVE_WITH_KNOTS('',3,(#2918,#2919,#2920,#2921,#2922),
 .UNSPECIFIED.,.F.,.F.,(4,1,4),(0.,0.5,1.),.UNSPECIFIED.);
#56=B_SPLINE_CURVE_WITH_KNOTS('',3,(#2924,#2925,#2926,#2927),
 .UNSPECIFIED.,.F.,.F.,(4,4),(0.,1.),.UNSPECIFIED.);
#57=B_SPLINE_CURVE_WITH_KNOTS('',3,(#2928,#2929,#2930,#2931),
 .UNSPECIFIED.,.F.,.F.,(4,4),(0.,1.),.UNSPECIFIED.);
#58=B_SPLINE_CURVE_WITH_KNOTS('',3,(#2944,#2945,#2946,#2947),
 .UNSPECIFIED.,.F.,.F.,(4,4),(0.,1.),.UNSPECIFIED.);
#59=B_SPLINE_CURVE_WITH_KNOTS('',3,(#2960,#2961,#2962,#2963),
 .UNSPECIFIED.,.F.,.F.,(4,4),(0.,1.),.UNSPECIFIED.);
#60=B_SPLINE_CURVE_WITH_KNOTS('',3,(#2965,#2966,#2967,#2968),
 .UNSPECIFIED.,.F.,.F.,(4,4),(0.,1.),.UNSPECIFIED.);
#61=B_SPLINE_CURVE_WITH_KNOTS('',3,(#2970,#2971,#2972,#2973),
 .UNSPECIFIED.,.F.,.F.,(4,4),(0.,1.),.UNSPECIFIED.);
#62=B_SPLINE_CURVE_WITH_KNOTS('',3,(#2986,#2987,#2988,#2989),
 .UNSPECIFIED.,.F.,.F.,(4,4),(0.,1.),.UNSPECIFIED.);
#63=B_SPLINE_CURVE_WITH_KNOTS('',3,(#3002,#3003,#3004,#3005),
 .UNSPECIFIED.,.F.,.F.,(4,4),(0.,1.),.UNSPECIFIED.);
#64=ORIENTED_EDGE('',*,*,#554,.F.);
#65=ORIENTED_EDGE('',*,*,#555,.F.);
#66=ORIENTED_EDGE('',*,*,#556,.F.);
#67=ORIENTED_EDGE('',*,*,#557,.T.);
#68=ORIENTED_EDGE('',*,*,#558,.F.);
#69=ORIENTED_EDGE('',*,*,#557,.F.);
#70=ORIENTED_EDGE('',*,*,#559,.F.);
#71=ORIENTED_EDGE('',*,*,#560,.T.);
#72=ORIENTED_EDGE('',*,*,#561,.F.);
#73=ORIENTED_EDGE('',*,*,#562,.T.);
#74=ORIENTED_EDGE('',*,*,#563,.F.);
#75=ORIENTED_EDGE('',*,*,#564,.F.);
#76=ORIENTED_EDGE('',*,*,#559,.T.);
#77=ORIENTED_EDGE('',*,*,#565,.T.);
#78=ORIENTED_EDGE('',*,*,#564,.T.);
#79=ORIENTED_EDGE('',*,*,#566,.T.);
#80=ORIENTED_EDGE('',*,*,#567,.F.);
#81=ORIENTED_EDGE('',*,*,#568,.T.);
#82=ORIENTED_EDGE('',*,*,#569,.T.);
#83=ORIENTED_EDGE('',*,*,#570,.T.);
#84=ORIENTED_EDGE('',*,*,#571,.F.);
#85=ORIENTED_EDGE('',*,*,#572,.T.);
#86=ORIENTED_EDGE('',*,*,#571,.T.);
#87=ORIENTED_EDGE('',*,*,#573,.T.);
#88=ORIENTED_EDGE('',*,*,#574,.F.);
#89=ORIENTED_EDGE('',*,*,#575,.T.);
#90=ORIENTED_EDGE('',*,*,#576,.F.);
#91=ORIENTED_EDGE('',*,*,#577,.F.);
#92=ORIENTED_EDGE('',*,*,#578,.T.);
#93=ORIENTED_EDGE('',*,*,#574,.T.);
#94=ORIENTED_EDGE('',*,*,#577,.T.);
#95=ORIENTED_EDGE('',*,*,#579,.T.);
#96=ORIENTED_EDGE('',*,*,#580,.F.);
#97=ORIENTED_EDGE('',*,*,#581,.T.);
#98=ORIENTED_EDGE('',*,*,#582,.F.);
#99=ORIENTED_EDGE('',*,*,#565,.F.);
#100=ORIENTED_EDGE('',*,*,#556,.T.);
#101=ORIENTED_EDGE('',*,*,#580,.T.);
#102=ORIENTED_EDGE('',*,*,#567,.T.);
#103=ORIENTED_EDGE('',*,*,#583,.T.);
#104=ORIENTED_EDGE('',*,*,#584,.F.);
#105=ORIENTED_EDGE('',*,*,#585,.T.);
#106=ORIENTED_EDGE('',*,*,#586,.F.);
#107=ORIENTED_EDGE('',*,*,#587,.F.);
#108=ORIENTED_EDGE('',*,*,#588,.T.);
#109=ORIENTED_EDGE('',*,*,#584,.T.);
#110=ORIENTED_EDGE('',*,*,#587,.T.);
#111=ORIENTED_EDGE('',*,*,#589,.T.);
#112=ORIENTED_EDGE('',*,*,#590,.F.);
#113=ORIENTED_EDGE('',*,*,#591,.T.);
#114=ORIENTED_EDGE('',*,*,#592,.F.);
#115=ORIENTED_EDGE('',*,*,#593,.F.);
#116=ORIENTED_EDGE('',*,*,#594,.T.);
#117=ORIENTED_EDGE('',*,*,#590,.T.);
#118=ORIENTED_EDGE('',*,*,#593,.T.);
#119=ORIENTED_EDGE('',*,*,#595,.T.);
#120=ORIENTED_EDGE('',*,*,#596,.F.);
#121=ORIENTED_EDGE('',*,*,#597,.T.);
#122=ORIENTED_EDGE('',*,*,#598,.F.);
#123=ORIENTED_EDGE('',*,*,#599,.F.);
#124=ORIENTED_EDGE('',*,*,#600,.T.);
#125=ORIENTED_EDGE('',*,*,#596,.T.);
#126=ORIENTED_EDGE('',*,*,#601,.F.);
#127=ORIENTED_EDGE('',*,*,#602,.T.);
#128=ORIENTED_EDGE('',*,*,#603,.T.);
#129=ORIENTED_EDGE('',*,*,#604,.F.);
#130=ORIENTED_EDGE('',*,*,#605,.F.);
#131=ORIENTED_EDGE('',*,*,#606,.T.);
#132=ORIENTED_EDGE('',*,*,#601,.T.);
#133=ORIENTED_EDGE('',*,*,#607,.F.);
#134=ORIENTED_EDGE('',*,*,#608,.F.);
#135=ORIENTED_EDGE('',*,*,#609,.T.);
#136=ORIENTED_EDGE('',*,*,#605,.T.);
#137=ORIENTED_EDGE('',*,*,#610,.T.);
#138=ORIENTED_EDGE('',*,*,#611,.T.);
#139=ORIENTED_EDGE('',*,*,#612,.T.);
#140=ORIENTED_EDGE('',*,*,#613,.T.);
#141=ORIENTED_EDGE('',*,*,#614,.F.);
#142=ORIENTED_EDGE('',*,*,#615,.T.);
#143=ORIENTED_EDGE('',*,*,#616,.T.);
#144=ORIENTED_EDGE('',*,*,#617,.T.);
#145=ORIENTED_EDGE('',*,*,#618,.F.);
#146=ORIENTED_EDGE('',*,*,#619,.T.);
#147=ORIENTED_EDGE('',*,*,#620,.T.);
#148=ORIENTED_EDGE('',*,*,#621,.T.);
#149=ORIENTED_EDGE('',*,*,#622,.F.);
#150=ORIENTED_EDGE('',*,*,#603,.F.);
#151=ORIENTED_EDGE('',*,*,#623,.T.);
#152=ORIENTED_EDGE('',*,*,#608,.T.);
#153=ORIENTED_EDGE('',*,*,#624,.T.);
#154=ORIENTED_EDGE('',*,*,#625,.T.);
#155=ORIENTED_EDGE('',*,*,#626,.T.);
#156=ORIENTED_EDGE('',*,*,#627,.T.);
#157=ORIENTED_EDGE('',*,*,#628,.T.);
#158=ORIENTED_EDGE('',*,*,#599,.T.);
#159=ORIENTED_EDGE('',*,*,#629,.T.);
#160=ORIENTED_EDGE('',*,*,#569,.F.);
#161=ORIENTED_EDGE('',*,*,#630,.T.);
#162=ORIENTED_EDGE('',*,*,#631,.T.);
#163=ORIENTED_EDGE('',*,*,#632,.T.);
#164=ORIENTED_EDGE('',*,*,#633,.T.);
#165=ORIENTED_EDGE('',*,*,#634,.T.);
#166=ORIENTED_EDGE('',*,*,#635,.T.);
#167=ORIENTED_EDGE('',*,*,#636,.T.);
#168=ORIENTED_EDGE('',*,*,#637,.T.);
#169=ORIENTED_EDGE('',*,*,#638,.T.);
#170=ORIENTED_EDGE('',*,*,#639,.T.);
#171=ORIENTED_EDGE('',*,*,#640,.T.);
#172=ORIENTED_EDGE('',*,*,#641,.T.);
#173=ORIENTED_EDGE('',*,*,#642,.T.);
#174=ORIENTED_EDGE('',*,*,#643,.T.);
#175=ORIENTED_EDGE('',*,*,#644,.T.);
#176=ORIENTED_EDGE('',*,*,#645,.T.);
#177=ORIENTED_EDGE('',*,*,#646,.T.);
#178=ORIENTED_EDGE('',*,*,#561,.T.);
#179=ORIENTED_EDGE('',*,*,#647,.T.);
#180=ORIENTED_EDGE('',*,*,#648,.T.);
#181=ORIENTED_EDGE('',*,*,#649,.T.);
#182=ORIENTED_EDGE('',*,*,#650,.T.);
#183=ORIENTED_EDGE('',*,*,#651,.T.);
#184=ORIENTED_EDGE('',*,*,#652,.T.);
#185=ORIENTED_EDGE('',*,*,#653,.T.);
#186=ORIENTED_EDGE('',*,*,#654,.T.);
#187=ORIENTED_EDGE('',*,*,#655,.T.);
#188=ORIENTED_EDGE('',*,*,#656,.T.);
#189=ORIENTED_EDGE('',*,*,#657,.F.);
#190=ORIENTED_EDGE('',*,*,#658,.F.);
#191=ORIENTED_EDGE('',*,*,#659,.F.);
#192=ORIENTED_EDGE('',*,*,#660,.F.);
#193=ORIENTED_EDGE('',*,*,#618,.T.);
#194=ORIENTED_EDGE('',*,*,#661,.T.);
#195=ORIENTED_EDGE('',*,*,#614,.T.);
#196=ORIENTED_EDGE('',*,*,#662,.T.);
#197=ORIENTED_EDGE('',*,*,#628,.F.);
#198=ORIENTED_EDGE('',*,*,#663,.T.);
#199=ORIENTED_EDGE('',*,*,#622,.T.);
#200=ORIENTED_EDGE('',*,*,#664,.T.);
#201=ORIENTED_EDGE('',*,*,#604,.T.);
#202=ORIENTED_EDGE('',*,*,#624,.F.);
#203=ORIENTED_EDGE('',*,*,#610,.F.);
#204=ORIENTED_EDGE('',*,*,#607,.T.);
#205=ORIENTED_EDGE('',*,*,#665,.F.);
#206=ORIENTED_EDGE('',*,*,#666,.F.);
#207=ORIENTED_EDGE('',*,*,#667,.F.);
#208=ORIENTED_EDGE('',*,*,#668,.F.);
#209=ORIENTED_EDGE('',*,*,#669,.F.);
#210=ORIENTED_EDGE('',*,*,#670,.F.);
#211=ORIENTED_EDGE('',*,*,#671,.F.);
#212=ORIENTED_EDGE('',*,*,#672,.F.);
#213=ORIENTED_EDGE('',*,*,#673,.F.);
#214=ORIENTED_EDGE('',*,*,#674,.F.);
#215=ORIENTED_EDGE('',*,*,#675,.F.);
#216=ORIENTED_EDGE('',*,*,#676,.F.);
#217=ORIENTED_EDGE('',*,*,#677,.F.);
#218=ORIENTED_EDGE('',*,*,#678,.F.);
#219=ORIENTED_EDGE('',*,*,#679,.F.);
#220=ORIENTED_EDGE('',*,*,#680,.F.);
#221=ORIENTED_EDGE('',*,*,#681,.F.);
#222=ORIENTED_EDGE('',*,*,#682,.F.);
#223=ORIENTED_EDGE('',*,*,#683,.F.);
#224=ORIENTED_EDGE('',*,*,#684,.F.);
#225=ORIENTED_EDGE('',*,*,#685,.F.);
#226=ORIENTED_EDGE('',*,*,#686,.F.);
#227=ORIENTED_EDGE('',*,*,#687,.F.);
#228=ORIENTED_EDGE('',*,*,#688,.F.);
#229=ORIENTED_EDGE('',*,*,#689,.F.);
#230=ORIENTED_EDGE('',*,*,#690,.F.);
#231=ORIENTED_EDGE('',*,*,#691,.F.);
#232=ORIENTED_EDGE('',*,*,#692,.F.);
#233=ORIENTED_EDGE('',*,*,#693,.F.);
#234=ORIENTED_EDGE('',*,*,#694,.T.);
#235=ORIENTED_EDGE('',*,*,#695,.F.);
#236=ORIENTED_EDGE('',*,*,#696,.F.);
#237=ORIENTED_EDGE('',*,*,#697,.F.);
#238=ORIENTED_EDGE('',*,*,#585,.F.);
#239=ORIENTED_EDGE('',*,*,#698,.F.);
#240=ORIENTED_EDGE('',*,*,#648,.F.);
#241=ORIENTED_EDGE('',*,*,#698,.T.);
#242=ORIENTED_EDGE('',*,*,#588,.F.);
#243=ORIENTED_EDGE('',*,*,#699,.F.);
#244=ORIENTED_EDGE('',*,*,#649,.F.);
#245=ORIENTED_EDGE('',*,*,#697,.T.);
#246=ORIENTED_EDGE('',*,*,#647,.F.);
#247=ORIENTED_EDGE('',*,*,#560,.F.);
#248=ORIENTED_EDGE('',*,*,#568,.F.);
#249=ORIENTED_EDGE('',*,*,#699,.T.);
#250=ORIENTED_EDGE('',*,*,#591,.F.);
#251=ORIENTED_EDGE('',*,*,#700,.F.);
#252=ORIENTED_EDGE('',*,*,#650,.F.);
#253=ORIENTED_EDGE('',*,*,#700,.T.);
#254=ORIENTED_EDGE('',*,*,#594,.F.);
#255=ORIENTED_EDGE('',*,*,#701,.F.);
#256=ORIENTED_EDGE('',*,*,#651,.F.);
#257=ORIENTED_EDGE('',*,*,#701,.T.);
#258=ORIENTED_EDGE('',*,*,#597,.F.);
#259=ORIENTED_EDGE('',*,*,#702,.F.);
#260=ORIENTED_EDGE('',*,*,#652,.F.);
#261=ORIENTED_EDGE('',*,*,#703,.F.);
#262=ORIENTED_EDGE('',*,*,#704,.F.);
#263=ORIENTED_EDGE('',*,*,#581,.F.);
#264=ORIENTED_EDGE('',*,*,#555,.T.);
#265=ORIENTED_EDGE('',*,*,#702,.T.);
#266=ORIENTED_EDGE('',*,*,#600,.F.);
#267=ORIENTED_EDGE('',*,*,#705,.F.);
#268=ORIENTED_EDGE('',*,*,#653,.F.);
#269=ORIENTED_EDGE('',*,*,#704,.T.);
#270=ORIENTED_EDGE('',*,*,#706,.T.);
#271=ORIENTED_EDGE('',*,*,#707,.F.);
#272=ORIENTED_EDGE('',*,*,#643,.F.);
#273=ORIENTED_EDGE('',*,*,#708,.F.);
#274=ORIENTED_EDGE('',*,*,#578,.F.);
#275=ORIENTED_EDGE('',*,*,#705,.T.);
#276=ORIENTED_EDGE('',*,*,#630,.F.);
#277=ORIENTED_EDGE('',*,*,#709,.F.);
#278=ORIENTED_EDGE('',*,*,#654,.F.);
#279=ORIENTED_EDGE('',*,*,#708,.T.);
#280=ORIENTED_EDGE('',*,*,#656,.F.);
#281=ORIENTED_EDGE('',*,*,#710,.F.);
#282=ORIENTED_EDGE('',*,*,#575,.F.);
#283=ORIENTED_EDGE('',*,*,#709,.T.);
#284=ORIENTED_EDGE('',*,*,#572,.F.);
#285=ORIENTED_EDGE('',*,*,#710,.T.);
#286=ORIENTED_EDGE('',*,*,#655,.F.);
#287=ORIENTED_EDGE('',*,*,#703,.T.);
#288=ORIENTED_EDGE('',*,*,#554,.T.);
#289=ORIENTED_EDGE('',*,*,#558,.T.);
#290=ORIENTED_EDGE('',*,*,#711,.F.);
#291=ORIENTED_EDGE('',*,*,#606,.F.);
#292=ORIENTED_EDGE('',*,*,#712,.F.);
#293=ORIENTED_EDGE('',*,*,#706,.F.);
#294=ORIENTED_EDGE('',*,*,#644,.F.);
#295=ORIENTED_EDGE('',*,*,#707,.T.);
#296=ORIENTED_EDGE('',*,*,#712,.T.);
#297=ORIENTED_EDGE('',*,*,#609,.F.);
#298=ORIENTED_EDGE('',*,*,#713,.F.);
#299=ORIENTED_EDGE('',*,*,#562,.F.);
#300=ORIENTED_EDGE('',*,*,#646,.F.);
#301=ORIENTED_EDGE('',*,*,#714,.F.);
#302=ORIENTED_EDGE('',*,*,#602,.F.);
#303=ORIENTED_EDGE('',*,*,#711,.T.);
#304=ORIENTED_EDGE('',*,*,#713,.T.);
#305=ORIENTED_EDGE('',*,*,#623,.F.);
#306=ORIENTED_EDGE('',*,*,#714,.T.);
#307=ORIENTED_EDGE('',*,*,#645,.F.);
#308=ORIENTED_EDGE('',*,*,#693,.T.);
#309=ORIENTED_EDGE('',*,*,#715,.F.);
#310=ORIENTED_EDGE('',*,*,#716,.F.);
#311=ORIENTED_EDGE('',*,*,#717,.T.);
#312=ORIENTED_EDGE('',*,*,#696,.T.);
#313=ORIENTED_EDGE('',*,*,#718,.F.);
#314=ORIENTED_EDGE('',*,*,#719,.F.);
#315=ORIENTED_EDGE('',*,*,#715,.T.);
#316=ORIENTED_EDGE('',*,*,#695,.T.);
#317=ORIENTED_EDGE('',*,*,#720,.F.);
#318=ORIENTED_EDGE('',*,*,#721,.F.);
#319=ORIENTED_EDGE('',*,*,#718,.T.);
#320=ORIENTED_EDGE('',*,*,#689,.T.);
#321=ORIENTED_EDGE('',*,*,#722,.F.);
#322=ORIENTED_EDGE('',*,*,#723,.F.);
#323=ORIENTED_EDGE('',*,*,#724,.T.);
#324=ORIENTED_EDGE('',*,*,#692,.T.);
#325=ORIENTED_EDGE('',*,*,#725,.F.);
#326=ORIENTED_EDGE('',*,*,#726,.F.);
#327=ORIENTED_EDGE('',*,*,#722,.T.);
#328=ORIENTED_EDGE('',*,*,#691,.T.);
#329=ORIENTED_EDGE('',*,*,#727,.F.);
#330=ORIENTED_EDGE('',*,*,#728,.F.);
#331=ORIENTED_EDGE('',*,*,#725,.T.);
#332=ORIENTED_EDGE('',*,*,#685,.T.);
#333=ORIENTED_EDGE('',*,*,#729,.F.);
#334=ORIENTED_EDGE('',*,*,#730,.F.);
#335=ORIENTED_EDGE('',*,*,#731,.T.);
#336=ORIENTED_EDGE('',*,*,#688,.T.);
#337=ORIENTED_EDGE('',*,*,#732,.F.);
#338=ORIENTED_EDGE('',*,*,#733,.F.);
#339=ORIENTED_EDGE('',*,*,#729,.T.);
#340=ORIENTED_EDGE('',*,*,#687,.T.);
#341=ORIENTED_EDGE('',*,*,#734,.F.);
#342=ORIENTED_EDGE('',*,*,#735,.F.);
#343=ORIENTED_EDGE('',*,*,#732,.T.);
#344=ORIENTED_EDGE('',*,*,#681,.T.);
#345=ORIENTED_EDGE('',*,*,#736,.F.);
#346=ORIENTED_EDGE('',*,*,#737,.F.);
#347=ORIENTED_EDGE('',*,*,#738,.T.);
#348=ORIENTED_EDGE('',*,*,#684,.T.);
#349=ORIENTED_EDGE('',*,*,#739,.F.);
#350=ORIENTED_EDGE('',*,*,#740,.F.);
#351=ORIENTED_EDGE('',*,*,#736,.T.);
#352=ORIENTED_EDGE('',*,*,#683,.T.);
#353=ORIENTED_EDGE('',*,*,#741,.F.);
#354=ORIENTED_EDGE('',*,*,#742,.F.);
#355=ORIENTED_EDGE('',*,*,#739,.T.);
#356=ORIENTED_EDGE('',*,*,#677,.T.);
#357=ORIENTED_EDGE('',*,*,#743,.F.);
#358=ORIENTED_EDGE('',*,*,#744,.F.);
#359=ORIENTED_EDGE('',*,*,#745,.T.);
#360=ORIENTED_EDGE('',*,*,#680,.T.);
#361=ORIENTED_EDGE('',*,*,#746,.F.);
#362=ORIENTED_EDGE('',*,*,#747,.F.);
#363=ORIENTED_EDGE('',*,*,#743,.T.);
#364=ORIENTED_EDGE('',*,*,#679,.T.);
#365=ORIENTED_EDGE('',*,*,#748,.F.);
#366=ORIENTED_EDGE('',*,*,#749,.F.);
#367=ORIENTED_EDGE('',*,*,#746,.T.);
#368=ORIENTED_EDGE('',*,*,#673,.T.);
#369=ORIENTED_EDGE('',*,*,#750,.F.);
#370=ORIENTED_EDGE('',*,*,#751,.F.);
#371=ORIENTED_EDGE('',*,*,#752,.T.);
#372=ORIENTED_EDGE('',*,*,#676,.T.);
#373=ORIENTED_EDGE('',*,*,#753,.F.);
#374=ORIENTED_EDGE('',*,*,#754,.F.);
#375=ORIENTED_EDGE('',*,*,#750,.T.);
#376=ORIENTED_EDGE('',*,*,#675,.T.);
#377=ORIENTED_EDGE('',*,*,#755,.F.);
#378=ORIENTED_EDGE('',*,*,#756,.F.);
#379=ORIENTED_EDGE('',*,*,#753,.T.);
#380=ORIENTED_EDGE('',*,*,#669,.T.);
#381=ORIENTED_EDGE('',*,*,#757,.F.);
#382=ORIENTED_EDGE('',*,*,#758,.F.);
#383=ORIENTED_EDGE('',*,*,#759,.T.);
#384=ORIENTED_EDGE('',*,*,#672,.T.);
#385=ORIENTED_EDGE('',*,*,#760,.F.);
#386=ORIENTED_EDGE('',*,*,#761,.F.);
#387=ORIENTED_EDGE('',*,*,#757,.T.);
#388=ORIENTED_EDGE('',*,*,#671,.T.);
#389=ORIENTED_EDGE('',*,*,#762,.F.);
#390=ORIENTED_EDGE('',*,*,#763,.F.);
#391=ORIENTED_EDGE('',*,*,#760,.T.);
#392=ORIENTED_EDGE('',*,*,#665,.T.);
#393=ORIENTED_EDGE('',*,*,#764,.F.);
#394=ORIENTED_EDGE('',*,*,#765,.F.);
#395=ORIENTED_EDGE('',*,*,#766,.T.);
#396=ORIENTED_EDGE('',*,*,#668,.T.);
#397=ORIENTED_EDGE('',*,*,#767,.F.);
#398=ORIENTED_EDGE('',*,*,#768,.F.);
#399=ORIENTED_EDGE('',*,*,#764,.T.);
#400=ORIENTED_EDGE('',*,*,#667,.T.);
#401=ORIENTED_EDGE('',*,*,#769,.F.);
#402=ORIENTED_EDGE('',*,*,#770,.F.);
#403=ORIENTED_EDGE('',*,*,#767,.T.);
#404=ORIENTED_EDGE('',*,*,#690,.T.);
#405=ORIENTED_EDGE('',*,*,#724,.F.);
#406=ORIENTED_EDGE('',*,*,#771,.F.);
#407=ORIENTED_EDGE('',*,*,#727,.T.);
#408=ORIENTED_EDGE('',*,*,#686,.T.);
#409=ORIENTED_EDGE('',*,*,#731,.F.);
#410=ORIENTED_EDGE('',*,*,#772,.F.);
#411=ORIENTED_EDGE('',*,*,#734,.T.);
#412=ORIENTED_EDGE('',*,*,#682,.T.);
#413=ORIENTED_EDGE('',*,*,#738,.F.);
#414=ORIENTED_EDGE('',*,*,#773,.F.);
#415=ORIENTED_EDGE('',*,*,#741,.T.);
#416=ORIENTED_EDGE('',*,*,#678,.T.);
#417=ORIENTED_EDGE('',*,*,#745,.F.);
#418=ORIENTED_EDGE('',*,*,#774,.F.);
#419=ORIENTED_EDGE('',*,*,#748,.T.);
#420=ORIENTED_EDGE('',*,*,#674,.T.);
#421=ORIENTED_EDGE('',*,*,#752,.F.);
#422=ORIENTED_EDGE('',*,*,#775,.F.);
#423=ORIENTED_EDGE('',*,*,#755,.T.);
#424=ORIENTED_EDGE('',*,*,#670,.T.);
#425=ORIENTED_EDGE('',*,*,#759,.F.);
#426=ORIENTED_EDGE('',*,*,#776,.F.);
#427=ORIENTED_EDGE('',*,*,#762,.T.);
#428=ORIENTED_EDGE('',*,*,#666,.T.);
#429=ORIENTED_EDGE('',*,*,#766,.F.);
#430=ORIENTED_EDGE('',*,*,#777,.F.);
#431=ORIENTED_EDGE('',*,*,#769,.T.);
#432=ORIENTED_EDGE('',*,*,#694,.F.);
#433=ORIENTED_EDGE('',*,*,#717,.F.);
#434=ORIENTED_EDGE('',*,*,#778,.T.);
#435=ORIENTED_EDGE('',*,*,#720,.T.);
#436=ORIENTED_EDGE('',*,*,#765,.T.);
#437=ORIENTED_EDGE('',*,*,#768,.T.);
#438=ORIENTED_EDGE('',*,*,#770,.T.);
#439=ORIENTED_EDGE('',*,*,#777,.T.);
#440=ORIENTED_EDGE('',*,*,#758,.T.);
#441=ORIENTED_EDGE('',*,*,#761,.T.);
#442=ORIENTED_EDGE('',*,*,#763,.T.);
#443=ORIENTED_EDGE('',*,*,#776,.T.);
#444=ORIENTED_EDGE('',*,*,#751,.T.);
#445=ORIENTED_EDGE('',*,*,#754,.T.);
#446=ORIENTED_EDGE('',*,*,#756,.T.);
#447=ORIENTED_EDGE('',*,*,#775,.T.);
#448=ORIENTED_EDGE('',*,*,#744,.T.);
#449=ORIENTED_EDGE('',*,*,#747,.T.);
#450=ORIENTED_EDGE('',*,*,#749,.T.);
#451=ORIENTED_EDGE('',*,*,#774,.T.);
#452=ORIENTED_EDGE('',*,*,#737,.T.);
#453=ORIENTED_EDGE('',*,*,#740,.T.);
#454=ORIENTED_EDGE('',*,*,#742,.T.);
#455=ORIENTED_EDGE('',*,*,#773,.T.);
#456=ORIENTED_EDGE('',*,*,#730,.T.);
#457=ORIENTED_EDGE('',*,*,#733,.T.);
#458=ORIENTED_EDGE('',*,*,#735,.T.);
#459=ORIENTED_EDGE('',*,*,#772,.T.);
#460=ORIENTED_EDGE('',*,*,#723,.T.);
#461=ORIENTED_EDGE('',*,*,#726,.T.);
#462=ORIENTED_EDGE('',*,*,#728,.T.);
#463=ORIENTED_EDGE('',*,*,#771,.T.);
#464=ORIENTED_EDGE('',*,*,#579,.F.);
#465=ORIENTED_EDGE('',*,*,#576,.T.);
#466=ORIENTED_EDGE('',*,*,#573,.F.);
#467=ORIENTED_EDGE('',*,*,#570,.F.);
#468=ORIENTED_EDGE('',*,*,#629,.F.);
#469=ORIENTED_EDGE('',*,*,#598,.T.);
#470=ORIENTED_EDGE('',*,*,#595,.F.);
#471=ORIENTED_EDGE('',*,*,#592,.T.);
#472=ORIENTED_EDGE('',*,*,#589,.F.);
#473=ORIENTED_EDGE('',*,*,#586,.T.);
#474=ORIENTED_EDGE('',*,*,#583,.F.);
#475=ORIENTED_EDGE('',*,*,#566,.F.);
#476=ORIENTED_EDGE('',*,*,#563,.T.);
#477=ORIENTED_EDGE('',*,*,#582,.T.);
#478=ORIENTED_EDGE('',*,*,#716,.T.);
#479=ORIENTED_EDGE('',*,*,#719,.T.);
#480=ORIENTED_EDGE('',*,*,#721,.T.);
#481=ORIENTED_EDGE('',*,*,#778,.F.);
#482=ORIENTED_EDGE('',*,*,#779,.F.);
#483=ORIENTED_EDGE('',*,*,#660,.T.);
#484=ORIENTED_EDGE('',*,*,#779,.T.);
#485=ORIENTED_EDGE('',*,*,#780,.F.);
#486=ORIENTED_EDGE('',*,*,#780,.T.);
#487=ORIENTED_EDGE('',*,*,#642,.F.);
#488=ORIENTED_EDGE('',*,*,#781,.F.);
#489=ORIENTED_EDGE('',*,*,#659,.T.);
#490=ORIENTED_EDGE('',*,*,#781,.T.);
#491=ORIENTED_EDGE('',*,*,#782,.F.);
#492=ORIENTED_EDGE('',*,*,#782,.T.);
#493=ORIENTED_EDGE('',*,*,#641,.F.);
#494=ORIENTED_EDGE('',*,*,#783,.F.);
#495=ORIENTED_EDGE('',*,*,#658,.T.);
#496=ORIENTED_EDGE('',*,*,#783,.T.);
#497=ORIENTED_EDGE('',*,*,#784,.F.);
#498=ORIENTED_EDGE('',*,*,#784,.T.);
#499=ORIENTED_EDGE('',*,*,#640,.F.);
#500=ORIENTED_EDGE('',*,*,#785,.F.);
#501=ORIENTED_EDGE('',*,*,#657,.T.);
#502=ORIENTED_EDGE('',*,*,#785,.T.);
#503=ORIENTED_EDGE('',*,*,#786,.F.);
#504=ORIENTED_EDGE('',*,*,#786,.T.);
#505=ORIENTED_EDGE('',*,*,#639,.F.);
#506=ORIENTED_EDGE('',*,*,#617,.F.);
#507=ORIENTED_EDGE('',*,*,#787,.T.);
#508=ORIENTED_EDGE('',*,*,#611,.F.);
#509=ORIENTED_EDGE('',*,*,#661,.F.);
#510=ORIENTED_EDGE('',*,*,#621,.F.);
#511=ORIENTED_EDGE('',*,*,#788,.T.);
#512=ORIENTED_EDGE('',*,*,#615,.F.);
#513=ORIENTED_EDGE('',*,*,#664,.F.);
#514=ORIENTED_EDGE('',*,*,#627,.F.);
#515=ORIENTED_EDGE('',*,*,#789,.T.);
#516=ORIENTED_EDGE('',*,*,#619,.F.);
#517=ORIENTED_EDGE('',*,*,#663,.F.);
#518=ORIENTED_EDGE('',*,*,#613,.F.);
#519=ORIENTED_EDGE('',*,*,#790,.T.);
#520=ORIENTED_EDGE('',*,*,#625,.F.);
#521=ORIENTED_EDGE('',*,*,#662,.F.);
#522=ORIENTED_EDGE('',*,*,#791,.F.);
#523=ORIENTED_EDGE('',*,*,#636,.F.);
#524=ORIENTED_EDGE('',*,*,#792,.F.);
#525=ORIENTED_EDGE('',*,*,#626,.F.);
#526=ORIENTED_EDGE('',*,*,#792,.T.);
#527=ORIENTED_EDGE('',*,*,#635,.F.);
#528=ORIENTED_EDGE('',*,*,#793,.F.);
#529=ORIENTED_EDGE('',*,*,#789,.F.);
#530=ORIENTED_EDGE('',*,*,#791,.T.);
#531=ORIENTED_EDGE('',*,*,#790,.F.);
#532=ORIENTED_EDGE('',*,*,#794,.F.);
#533=ORIENTED_EDGE('',*,*,#637,.F.);
#534=ORIENTED_EDGE('',*,*,#793,.T.);
#535=ORIENTED_EDGE('',*,*,#634,.F.);
#536=ORIENTED_EDGE('',*,*,#795,.F.);
#537=ORIENTED_EDGE('',*,*,#620,.F.);
#538=ORIENTED_EDGE('',*,*,#794,.T.);
#539=ORIENTED_EDGE('',*,*,#612,.F.);
#540=ORIENTED_EDGE('',*,*,#796,.F.);
#541=ORIENTED_EDGE('',*,*,#638,.F.);
#542=ORIENTED_EDGE('',*,*,#795,.T.);
#543=ORIENTED_EDGE('',*,*,#633,.F.);
#544=ORIENTED_EDGE('',*,*,#797,.F.);
#545=ORIENTED_EDGE('',*,*,#788,.F.);
#546=ORIENTED_EDGE('',*,*,#796,.T.);
#547=ORIENTED_EDGE('',*,*,#787,.F.);
#548=ORIENTED_EDGE('',*,*,#798,.F.);
#549=ORIENTED_EDGE('',*,*,#631,.F.);
#550=ORIENTED_EDGE('',*,*,#797,.T.);
#551=ORIENTED_EDGE('',*,*,#632,.F.);
#552=ORIENTED_EDGE('',*,*,#798,.T.);
#553=ORIENTED_EDGE('',*,*,#616,.F.);
#554=EDGE_CURVE('',#799,#800,#959,.T.);
#555=EDGE_CURVE('',#801,#799,#960,.T.);
#556=EDGE_CURVE('',#802,#801,#961,.T.);
#557=EDGE_CURVE('',#802,#800,#962,.T.);
#558=EDGE_CURVE('',#800,#803,#963,.F.);
#559=EDGE_CURVE('',#804,#802,#964,.T.);
#560=EDGE_CURVE('',#804,#805,#965,.F.);
#561=EDGE_CURVE('',#806,#805,#966,.T.);
#562=EDGE_CURVE('',#806,#803,#967,.F.);
#563=EDGE_CURVE('',#807,#808,#968,.T.);
#564=EDGE_CURVE('',#804,#807,#969,.T.);
#565=EDGE_CURVE('',#802,#808,#970,.T.);
#566=EDGE_CURVE('',#807,#809,#971,.T.);
#567=EDGE_CURVE('',#810,#809,#972,.T.);
#568=EDGE_CURVE('',#810,#804,#973,.T.);
#569=EDGE_CURVE('',#811,#812,#974,.T.);
#570=EDGE_CURVE('',#812,#813,#975,.T.);
#571=EDGE_CURVE('',#814,#813,#976,.T.);
#572=EDGE_CURVE('',#814,#811,#977,.T.);
#573=EDGE_CURVE('',#813,#815,#978,.T.);
#574=EDGE_CURVE('',#816,#815,#979,.T.);
#575=EDGE_CURVE('',#816,#814,#980,.T.);
#576=EDGE_CURVE('',#817,#815,#981,.T.);
#577=EDGE_CURVE('',#818,#817,#982,.T.);
#578=EDGE_CURVE('',#818,#816,#983,.T.);
#579=EDGE_CURVE('',#817,#819,#984,.T.);
#580=EDGE_CURVE('',#801,#819,#985,.T.);
#581=EDGE_CURVE('',#801,#818,#986,.T.);
#582=EDGE_CURVE('',#808,#819,#987,.T.);
#583=EDGE_CURVE('',#809,#820,#988,.T.);
#584=EDGE_CURVE('',#821,#820,#989,.T.);
#585=EDGE_CURVE('',#821,#810,#990,.T.);
#586=EDGE_CURVE('',#822,#820,#991,.T.);
#587=EDGE_CURVE('',#823,#822,#992,.T.);
#588=EDGE_CURVE('',#823,#821,#993,.T.);
#589=EDGE_CURVE('',#822,#824,#994,.T.);
#590=EDGE_CURVE('',#825,#824,#995,.T.);
#591=EDGE_CURVE('',#825,#823,#996,.T.);
#592=EDGE_CURVE('',#826,#824,#997,.T.);
#593=EDGE_CURVE('',#827,#826,#998,.T.);
#594=EDGE_CURVE('',#827,#825,#999,.T.);
#595=EDGE_CURVE('',#826,#828,#1000,.T.);
#596=EDGE_CURVE('',#829,#828,#1001,.T.);
#597=EDGE_CURVE('',#829,#827,#1002,.T.);
#598=EDGE_CURVE('',#830,#828,#1003,.T.);
#599=EDGE_CURVE('',#831,#830,#1004,.T.);
#600=EDGE_CURVE('',#831,#829,#1005,.T.);
#601=EDGE_CURVE('',#832,#833,#1006,.T.);
#602=EDGE_CURVE('',#832,#834,#1007,.T.);
#603=EDGE_CURVE('',#834,#835,#1008,.T.);
#604=EDGE_CURVE('',#833,#835,#1009,.T.);
#605=EDGE_CURVE('',#836,#837,#1010,.T.);
#606=EDGE_CURVE('',#836,#832,#1011,.T.);
#607=EDGE_CURVE('',#837,#833,#1012,.T.);
#608=EDGE_CURVE('',#838,#839,#1013,.T.);
#609=EDGE_CURVE('',#838,#836,#1014,.T.);
#610=EDGE_CURVE('',#837,#839,#1015,.T.);
#611=EDGE_CURVE('',#840,#841,#1016,.F.);
#612=EDGE_CURVE('',#841,#842,#1017,.T.);
#613=EDGE_CURVE('',#842,#843,#1018,.T.);
#614=EDGE_CURVE('',#840,#843,#1019,.T.);
#615=EDGE_CURVE('',#844,#845,#1020,.F.);
#616=EDGE_CURVE('',#845,#846,#1021,.T.);
#617=EDGE_CURVE('',#846,#847,#1022,.T.);
#618=EDGE_CURVE('',#844,#847,#1023,.T.);
#619=EDGE_CURVE('',#848,#849,#1024,.F.);
#620=EDGE_CURVE('',#849,#850,#1025,.T.);
#621=EDGE_CURVE('',#850,#851,#1026,.T.);
#622=EDGE_CURVE('',#848,#851,#1027,.T.);
#623=EDGE_CURVE('',#834,#838,#1028,.T.);
#624=EDGE_CURVE('',#839,#835,#1029,.T.);
#625=EDGE_CURVE('',#852,#853,#1030,.F.);
#626=EDGE_CURVE('',#853,#854,#1031,.T.);
#627=EDGE_CURVE('',#854,#855,#1032,.T.);
#628=EDGE_CURVE('',#855,#852,#1033,.T.);
#629=EDGE_CURVE('',#830,#812,#1034,.T.);
#630=EDGE_CURVE('',#811,#831,#1035,.T.);
#631=EDGE_CURVE('',#856,#857,#48,.T.);
#632=EDGE_CURVE('',#857,#858,#1036,.T.);
#633=EDGE_CURVE('',#858,#859,#49,.T.);
#634=EDGE_CURVE('',#859,#860,#1037,.T.);
#635=EDGE_CURVE('',#860,#861,#50,.T.);
#636=EDGE_CURVE('',#861,#862,#1038,.T.);
#637=EDGE_CURVE('',#862,#863,#51,.T.);
#638=EDGE_CURVE('',#863,#856,#1039,.T.);
#639=EDGE_CURVE('',#864,#864,#44,.F.);
#640=EDGE_CURVE('',#865,#865,#45,.F.);
#641=EDGE_CURVE('',#866,#866,#46,.F.);
#642=EDGE_CURVE('',#867,#867,#47,.F.);
#643=EDGE_CURVE('',#868,#869,#1040,.F.);
#644=EDGE_CURVE('',#869,#870,#1041,.T.);
#645=EDGE_CURVE('',#870,#871,#1042,.T.);
#646=EDGE_CURVE('',#871,#806,#1043,.F.);
#647=EDGE_CURVE('',#805,#872,#1044,.F.);
#648=EDGE_CURVE('',#872,#873,#1045,.T.);
#649=EDGE_CURVE('',#873,#874,#1046,.F.);
#650=EDGE_CURVE('',#874,#875,#1047,.T.);
#651=EDGE_CURVE('',#875,#876,#1048,.F.);
#652=EDGE_CURVE('',#876,#877,#1049,.T.);
#653=EDGE_CURVE('',#877,#878,#1050,.F.);
#654=EDGE_CURVE('',#878,#879,#1051,.T.);
#655=EDGE_CURVE('',#879,#880,#1052,.T.);
#656=EDGE_CURVE('',#880,#868,#1053,.T.);
#657=EDGE_CURVE('',#881,#881,#28,.F.);
#658=EDGE_CURVE('',#882,#882,#29,.F.);
#659=EDGE_CURVE('',#883,#883,#30,.F.);
#660=EDGE_CURVE('',#884,#884,#31,.F.);
#661=EDGE_CURVE('',#847,#840,#32,.F.);
#662=EDGE_CURVE('',#843,#852,#33,.F.);
#663=EDGE_CURVE('',#855,#848,#34,.F.);
#664=EDGE_CURVE('',#851,#844,#35,.F.);
#665=EDGE_CURVE('',#885,#886,#1054,.T.);
#666=EDGE_CURVE('',#887,#885,#1055,.T.);
#667=EDGE_CURVE('',#888,#887,#1056,.T.);
#668=EDGE_CURVE('',#886,#888,#1057,.T.);
#669=EDGE_CURVE('',#889,#890,#1058,.T.);
#670=EDGE_CURVE('',#891,#889,#1059,.T.);
#671=EDGE_CURVE('',#892,#891,#1060,.T.);
#672=EDGE_CURVE('',#890,#892,#1061,.T.);
#673=EDGE_CURVE('',#893,#894,#1062,.T.);
#674=EDGE_CURVE('',#895,#893,#1063,.T.);
#675=EDGE_CURVE('',#896,#895,#1064,.T.);
#676=EDGE_CURVE('',#894,#896,#1065,.T.);
#677=EDGE_CURVE('',#897,#898,#1066,.T.);
#678=EDGE_CURVE('',#899,#897,#1067,.T.);
#679=EDGE_CURVE('',#900,#899,#1068,.T.);
#680=EDGE_CURVE('',#898,#900,#1069,.T.);
#681=EDGE_CURVE('',#901,#902,#1070,.T.);
#682=EDGE_CURVE('',#903,#901,#1071,.T.);
#683=EDGE_CURVE('',#904,#903,#1072,.T.);
#684=EDGE_CURVE('',#902,#904,#1073,.T.);
#685=EDGE_CURVE('',#905,#906,#1074,.T.);
#686=EDGE_CURVE('',#907,#905,#1075,.T.);
#687=EDGE_CURVE('',#908,#907,#1076,.T.);
#688=EDGE_CURVE('',#906,#908,#1077,.T.);
#689=EDGE_CURVE('',#909,#910,#1078,.T.);
#690=EDGE_CURVE('',#911,#909,#1079,.T.);
#691=EDGE_CURVE('',#912,#911,#1080,.T.);
#692=EDGE_CURVE('',#910,#912,#1081,.T.);
#693=EDGE_CURVE('',#913,#914,#1082,.T.);
#694=EDGE_CURVE('',#913,#915,#1083,.T.);
#695=EDGE_CURVE('',#916,#915,#1084,.T.);
#696=EDGE_CURVE('',#914,#916,#1085,.T.);
#697=EDGE_CURVE('',#810,#872,#1086,.F.);
#698=EDGE_CURVE('',#873,#821,#1087,.T.);
#699=EDGE_CURVE('',#874,#823,#1088,.T.);
#700=EDGE_CURVE('',#875,#825,#1089,.T.);
#701=EDGE_CURVE('',#876,#827,#1090,.T.);
#702=EDGE_CURVE('',#877,#829,#1091,.T.);
#703=EDGE_CURVE('',#917,#799,#1092,.F.);
#704=EDGE_CURVE('',#818,#917,#1093,.T.);
#705=EDGE_CURVE('',#878,#831,#1094,.T.);
#706=EDGE_CURVE('',#917,#918,#1095,.T.);
#707=EDGE_CURVE('',#869,#918,#1096,.F.);
#708=EDGE_CURVE('',#816,#868,#1097,.T.);
#709=EDGE_CURVE('',#879,#811,#1098,.F.);
#710=EDGE_CURVE('',#814,#880,#1099,.F.);
#711=EDGE_CURVE('',#832,#803,#1100,.F.);
#712=EDGE_CURVE('',#918,#836,#1101,.F.);
#713=EDGE_CURVE('',#870,#838,#1102,.F.);
#714=EDGE_CURVE('',#834,#871,#1103,.T.);
#715=EDGE_CURVE('',#919,#914,#1104,.T.);
#716=EDGE_CURVE('',#920,#919,#1105,.T.);
#717=EDGE_CURVE('',#920,#913,#1106,.T.);
#718=EDGE_CURVE('',#921,#916,#1107,.T.);
#719=EDGE_CURVE('',#919,#921,#1108,.T.);
#720=EDGE_CURVE('',#922,#915,#1109,.T.);
#721=EDGE_CURVE('',#921,#922,#1110,.T.);
#722=EDGE_CURVE('',#923,#910,#1111,.T.);
#723=EDGE_CURVE('',#924,#923,#1112,.T.);
#724=EDGE_CURVE('',#924,#909,#1113,.T.);
#725=EDGE_CURVE('',#925,#912,#1114,.T.);
#726=EDGE_CURVE('',#923,#925,#1115,.T.);
#727=EDGE_CURVE('',#926,#911,#1116,.T.);
#728=EDGE_CURVE('',#925,#926,#1117,.T.);
#729=EDGE_CURVE('',#927,#906,#1118,.T.);
#730=EDGE_CURVE('',#928,#927,#1119,.T.);
#731=EDGE_CURVE('',#928,#905,#1120,.T.);
#732=EDGE_CURVE('',#929,#908,#1121,.T.);
#733=EDGE_CURVE('',#927,#929,#1122,.T.);
#734=EDGE_CURVE('',#930,#907,#1123,.T.);
#735=EDGE_CURVE('',#929,#930,#1124,.T.);
#736=EDGE_CURVE('',#931,#902,#1125,.T.);
#737=EDGE_CURVE('',#932,#931,#1126,.T.);
#738=EDGE_CURVE('',#932,#901,#1127,.T.);
#739=EDGE_CURVE('',#933,#904,#1128,.T.);
#740=EDGE_CURVE('',#931,#933,#1129,.T.);
#741=EDGE_CURVE('',#934,#903,#1130,.T.);
#742=EDGE_CURVE('',#933,#934,#1131,.T.);
#743=EDGE_CURVE('',#935,#898,#1132,.T.);
#744=EDGE_CURVE('',#936,#935,#1133,.T.);
#745=EDGE_CURVE('',#936,#897,#1134,.T.);
#746=EDGE_CURVE('',#937,#900,#1135,.T.);
#747=EDGE_CURVE('',#935,#937,#1136,.T.);
#748=EDGE_CURVE('',#938,#899,#1137,.T.);
#749=EDGE_CURVE('',#937,#938,#1138,.T.);
#750=EDGE_CURVE('',#939,#894,#1139,.T.);
#751=EDGE_CURVE('',#940,#939,#1140,.T.);
#752=EDGE_CURVE('',#940,#893,#1141,.T.);
#753=EDGE_CURVE('',#941,#896,#1142,.T.);
#754=EDGE_CURVE('',#939,#941,#1143,.T.);
#755=EDGE_CURVE('',#942,#895,#1144,.T.);
#756=EDGE_CURVE('',#941,#942,#1145,.T.);
#757=EDGE_CURVE('',#943,#890,#1146,.T.);
#758=EDGE_CURVE('',#944,#943,#1147,.T.);
#759=EDGE_CURVE('',#944,#889,#1148,.T.);
#760=EDGE_CURVE('',#945,#892,#1149,.T.);
#761=EDGE_CURVE('',#943,#945,#1150,.T.);
#762=EDGE_CURVE('',#946,#891,#1151,.T.);
#763=EDGE_CURVE('',#945,#946,#1152,.T.);
#764=EDGE_CURVE('',#947,#886,#1153,.T.);
#765=EDGE_CURVE('',#948,#947,#1154,.T.);
#766=EDGE_CURVE('',#948,#885,#1155,.T.);
#767=EDGE_CURVE('',#949,#888,#1156,.T.);
#768=EDGE_CURVE('',#947,#949,#1157,.T.);
#769=EDGE_CURVE('',#950,#887,#1158,.T.);
#770=EDGE_CURVE('',#949,#950,#1159,.T.);
#771=EDGE_CURVE('',#926,#924,#1160,.T.);
#772=EDGE_CURVE('',#930,#928,#1161,.T.);
#773=EDGE_CURVE('',#934,#932,#1162,.T.);
#774=EDGE_CURVE('',#938,#936,#1163,.T.);
#775=EDGE_CURVE('',#942,#940,#1164,.T.);
#776=EDGE_CURVE('',#946,#944,#1165,.T.);
#777=EDGE_CURVE('',#950,#948,#1166,.T.);
#778=EDGE_CURVE('',#920,#922,#1167,.T.);
#779=EDGE_CURVE('',#951,#951,#36,.T.);
#780=EDGE_CURVE('',#952,#952,#37,.T.);
#781=EDGE_CURVE('',#953,#953,#38,.T.);
#782=EDGE_CURVE('',#954,#954,#39,.T.);
#783=EDGE_CURVE('',#955,#955,#40,.T.);
#784=EDGE_CURVE('',#956,#956,#41,.T.);
#785=EDGE_CURVE('',#957,#957,#42,.T.);
#786=EDGE_CURVE('',#958,#958,#43,.T.);
#787=EDGE_CURVE('',#846,#841,#52,.T.);
#788=EDGE_CURVE('',#850,#845,#53,.T.);
#789=EDGE_CURVE('',#854,#849,#54,.T.);
#790=EDGE_CURVE('',#842,#853,#55,.T.);
#791=EDGE_CURVE('',#862,#853,#56,.F.);
#792=EDGE_CURVE('',#854,#861,#57,.F.);
#793=EDGE_CURVE('',#849,#860,#58,.T.);
#794=EDGE_CURVE('',#863,#842,#59,.T.);
#795=EDGE_CURVE('',#850,#859,#60,.F.);
#796=EDGE_CURVE('',#856,#841,#61,.F.);
#797=EDGE_CURVE('',#845,#858,#62,.T.);
#798=EDGE_CURVE('',#857,#846,#63,.T.);
#799=VERTEX_POINT('',#2405);
#800=VERTEX_POINT('',#2406);
#801=VERTEX_POINT('',#2408);
#802=VERTEX_POINT('',#2410);
#803=VERTEX_POINT('',#2414);
#804=VERTEX_POINT('',#2416);
#805=VERTEX_POINT('',#2418);
#806=VERTEX_POINT('',#2420);
#807=VERTEX_POINT('',#2424);
#808=VERTEX_POINT('',#2425);
#809=VERTEX_POINT('',#2430);
#810=VERTEX_POINT('',#2432);
#811=VERTEX_POINT('',#2436);
#812=VERTEX_POINT('',#2437);
#813=VERTEX_POINT('',#2439);
#814=VERTEX_POINT('',#2441);
#815=VERTEX_POINT('',#2445);
#816=VERTEX_POINT('',#2447);
#817=VERTEX_POINT('',#2451);
#818=VERTEX_POINT('',#2453);
#819=VERTEX_POINT('',#2457);
#820=VERTEX_POINT('',#2464);
#821=VERTEX_POINT('',#2466);
#822=VERTEX_POINT('',#2470);
#823=VERTEX_POINT('',#2472);
#824=VERTEX_POINT('',#2476);
#825=VERTEX_POINT('',#2478);
#826=VERTEX_POINT('',#2482);
#827=VERTEX_POINT('',#2484);
#828=VERTEX_POINT('',#2488);
#829=VERTEX_POINT('',#2490);
#830=VERTEX_POINT('',#2494);
#831=VERTEX_POINT('',#2496);
#832=VERTEX_POINT('',#2500);
#833=VERTEX_POINT('',#2501);
#834=VERTEX_POINT('',#2503);
#835=VERTEX_POINT('',#2505);
#836=VERTEX_POINT('',#2509);
#837=VERTEX_POINT('',#2510);
#838=VERTEX_POINT('',#2515);
#839=VERTEX_POINT('',#2516);
#840=VERTEX_POINT('',#2521);
#841=VERTEX_POINT('',#2522);
#842=VERTEX_POINT('',#2524);
#843=VERTEX_POINT('',#2526);
#844=VERTEX_POINT('',#2530);
#845=VERTEX_POINT('',#2531);
#846=VERTEX_POINT('',#2533);
#847=VERTEX_POINT('',#2535);
#848=VERTEX_POINT('',#2539);
#849=VERTEX_POINT('',#2540);
#850=VERTEX_POINT('',#2542);
#851=VERTEX_POINT('',#2544);
#852=VERTEX_POINT('',#2551);
#853=VERTEX_POINT('',#2552);
#854=VERTEX_POINT('',#2554);
#855=VERTEX_POINT('',#2556);
#856=VERTEX_POINT('',#2567);
#857=VERTEX_POINT('',#2568);
#858=VERTEX_POINT('',#2570);
#859=VERTEX_POINT('',#2576);
#860=VERTEX_POINT('',#2578);
#861=VERTEX_POINT('',#2584);
#862=VERTEX_POINT('',#2586);
#863=VERTEX_POINT('',#2592);
#864=VERTEX_POINT('',#2595);
#865=VERTEX_POINT('',#2597);
#866=VERTEX_POINT('',#2599);
#867=VERTEX_POINT('',#2601);
#868=VERTEX_POINT('',#2603);
#869=VERTEX_POINT('',#2604);
#870=VERTEX_POINT('',#2606);
#871=VERTEX_POINT('',#2608);
#872=VERTEX_POINT('',#2611);
#873=VERTEX_POINT('',#2613);
#874=VERTEX_POINT('',#2615);
#875=VERTEX_POINT('',#2617);
#876=VERTEX_POINT('',#2619);
#877=VERTEX_POINT('',#2621);
#878=VERTEX_POINT('',#2623);
#879=VERTEX_POINT('',#2625);
#880=VERTEX_POINT('',#2627);
#881=VERTEX_POINT('',#2631);
#882=VERTEX_POINT('',#2633);
#883=VERTEX_POINT('',#2635);
#884=VERTEX_POINT('',#2637);
#885=VERTEX_POINT('',#2643);
#886=VERTEX_POINT('',#2644);
#887=VERTEX_POINT('',#2646);
#888=VERTEX_POINT('',#2648);
#889=VERTEX_POINT('',#2651);
#890=VERTEX_POINT('',#2652);
#891=VERTEX_POINT('',#2654);
#892=VERTEX_POINT('',#2656);
#893=VERTEX_POINT('',#2659);
#894=VERTEX_POINT('',#2660);
#895=VERTEX_POINT('',#2662);
#896=VERTEX_POINT('',#2664);
#897=VERTEX_POINT('',#2667);
#898=VERTEX_POINT('',#2668);
#899=VERTEX_POINT('',#2670);
#900=VERTEX_POINT('',#2672);
#901=VERTEX_POINT('',#2675);
#902=VERTEX_POINT('',#2676);
#903=VERTEX_POINT('',#2678);
#904=VERTEX_POINT('',#2680);
#905=VERTEX_POINT('',#2683);
#906=VERTEX_POINT('',#2684);
#907=VERTEX_POINT('',#2686);
#908=VERTEX_POINT('',#2688);
#909=VERTEX_POINT('',#2691);
#910=VERTEX_POINT('',#2692);
#911=VERTEX_POINT('',#2694);
#912=VERTEX_POINT('',#2696);
#913=VERTEX_POINT('',#2699);
#914=VERTEX_POINT('',#2700);
#915=VERTEX_POINT('',#2702);
#916=VERTEX_POINT('',#2704);
#917=VERTEX_POINT('',#2720);
#918=VERTEX_POINT('',#2726);
#919=VERTEX_POINT('',#2744);
#920=VERTEX_POINT('',#2746);
#921=VERTEX_POINT('',#2750);
#922=VERTEX_POINT('',#2754);
#923=VERTEX_POINT('',#2758);
#924=VERTEX_POINT('',#2760);
#925=VERTEX_POINT('',#2764);
#926=VERTEX_POINT('',#2768);
#927=VERTEX_POINT('',#2772);
#928=VERTEX_POINT('',#2774);
#929=VERTEX_POINT('',#2778);
#930=VERTEX_POINT('',#2782);
#931=VERTEX_POINT('',#2786);
#932=VERTEX_POINT('',#2788);
#933=VERTEX_POINT('',#2792);
#934=VERTEX_POINT('',#2796);
#935=VERTEX_POINT('',#2800);
#936=VERTEX_POINT('',#2802);
#937=VERTEX_POINT('',#2806);
#938=VERTEX_POINT('',#2810);
#939=VERTEX_POINT('',#2814);
#940=VERTEX_POINT('',#2816);
#941=VERTEX_POINT('',#2820);
#942=VERTEX_POINT('',#2824);
#943=VERTEX_POINT('',#2828);
#944=VERTEX_POINT('',#2830);
#945=VERTEX_POINT('',#2834);
#946=VERTEX_POINT('',#2838);
#947=VERTEX_POINT('',#2842);
#948=VERTEX_POINT('',#2844);
#949=VERTEX_POINT('',#2848);
#950=VERTEX_POINT('',#2852);
#951=VERTEX_POINT('',#2873);
#952=VERTEX_POINT('',#2876);
#953=VERTEX_POINT('',#2880);
#954=VERTEX_POINT('',#2883);
#955=VERTEX_POINT('',#2887);
#956=VERTEX_POINT('',#2890);
#957=VERTEX_POINT('',#2894);
#958=VERTEX_POINT('',#2897);
#959=LINE('',#2404,#1168);
#960=LINE('',#2407,#1169);
#961=LINE('',#2409,#1170);
#962=LINE('',#2411,#1171);
#963=LINE('',#2413,#1172);
#964=LINE('',#2415,#1173);
#965=LINE('',#2417,#1174);
#966=LINE('',#2419,#1175);
#967=LINE('',#2421,#1176);
#968=LINE('',#2423,#1177);
#969=LINE('',#2426,#1178);
#970=LINE('',#2427,#1179);
#971=LINE('',#2429,#1180);
#972=LINE('',#2431,#1181);
#973=LINE('',#2433,#1182);
#974=LINE('',#2435,#1183);
#975=LINE('',#2438,#1184);
#976=LINE('',#2440,#1185);
#977=LINE('',#2442,#1186);
#978=LINE('',#2444,#1187);
#979=LINE('',#2446,#1188);
#980=LINE('',#2448,#1189);
#981=LINE('',#2450,#1190);
#982=LINE('',#2452,#1191);
#983=LINE('',#2454,#1192);
#984=LINE('',#2456,#1193);
#985=LINE('',#2458,#1194);
#986=LINE('',#2459,#1195);
#987=LINE('',#2461,#1196);
#988=LINE('',#2463,#1197);
#989=LINE('',#2465,#1198);
#990=LINE('',#2467,#1199);
#991=LINE('',#2469,#1200);
#992=LINE('',#2471,#1201);
#993=LINE('',#2473,#1202);
#994=LINE('',#2475,#1203);
#995=LINE('',#2477,#1204);
#996=LINE('',#2479,#1205);
#997=LINE('',#2481,#1206);
#998=LINE('',#2483,#1207);
#999=LINE('',#2485,#1208);
#1000=LINE('',#2487,#1209);
#1001=LINE('',#2489,#1210);
#1002=LINE('',#2491,#1211);
#1003=LINE('',#2493,#1212);
#1004=LINE('',#2495,#1213);
#1005=LINE('',#2497,#1214);
#1006=LINE('',#2499,#1215);
#1007=LINE('',#2502,#1216);
#1008=LINE('',#2504,#1217);
#1009=LINE('',#2506,#1218);
#1010=LINE('',#2508,#1219);
#1011=LINE('',#2511,#1220);
#1012=LINE('',#2512,#1221);
#1013=LINE('',#2514,#1222);
#1014=LINE('',#2517,#1223);
#1015=LINE('',#2518,#1224);
#1016=LINE('',#2520,#1225);
#1017=LINE('',#2523,#1226);
#1018=LINE('',#2525,#1227);
#1019=LINE('',#2527,#1228);
#1020=LINE('',#2529,#1229);
#1021=LINE('',#2532,#1230);
#1022=LINE('',#2534,#1231);
#1023=LINE('',#2536,#1232);
#1024=LINE('',#2538,#1233);
#1025=LINE('',#2541,#1234);
#1026=LINE('',#2543,#1235);
#1027=LINE('',#2545,#1236);
#1028=LINE('',#2547,#1237);
#1029=LINE('',#2548,#1238);
#1030=LINE('',#2550,#1239);
#1031=LINE('',#2553,#1240);
#1032=LINE('',#2555,#1241);
#1033=LINE('',#2557,#1242);
#1034=LINE('',#2559,#1243);
#1035=LINE('',#2560,#1244);
#1036=LINE('',#2569,#1245);
#1037=LINE('',#2577,#1246);
#1038=LINE('',#2585,#1247);
#1039=LINE('',#2593,#1248);
#1040=LINE('',#2602,#1249);
#1041=LINE('',#2605,#1250);
#1042=LINE('',#2607,#1251);
#1043=LINE('',#2609,#1252);
#1044=LINE('',#2610,#1253);
#1045=LINE('',#2612,#1254);
#1046=LINE('',#2614,#1255);
#1047=LINE('',#2616,#1256);
#1048=LINE('',#2618,#1257);
#1049=LINE('',#2620,#1258);
#1050=LINE('',#2622,#1259);
#1051=LINE('',#2624,#1260);
#1052=LINE('',#2626,#1261);
#1053=LINE('',#2628,#1262);
#1054=LINE('',#2642,#1263);
#1055=LINE('',#2645,#1264);
#1056=LINE('',#2647,#1265);
#1057=LINE('',#2649,#1266);
#1058=LINE('',#2650,#1267);
#1059=LINE('',#2653,#1268);
#1060=LINE('',#2655,#1269);
#1061=LINE('',#2657,#1270);
#1062=LINE('',#2658,#1271);
#1063=LINE('',#2661,#1272);
#1064=LINE('',#2663,#1273);
#1065=LINE('',#2665,#1274);
#1066=LINE('',#2666,#1275);
#1067=LINE('',#2669,#1276);
#1068=LINE('',#2671,#1277);
#1069=LINE('',#2673,#1278);
#1070=LINE('',#2674,#1279);
#1071=LINE('',#2677,#1280);
#1072=LINE('',#2679,#1281);
#1073=LINE('',#2681,#1282);
#1074=LINE('',#2682,#1283);
#1075=LINE('',#2685,#1284);
#1076=LINE('',#2687,#1285);
#1077=LINE('',#2689,#1286);
#1078=LINE('',#2690,#1287);
#1079=LINE('',#2693,#1288);
#1080=LINE('',#2695,#1289);
#1081=LINE('',#2697,#1290);
#1082=LINE('',#2698,#1291);
#1083=LINE('',#2701,#1292);
#1084=LINE('',#2703,#1293);
#1085=LINE('',#2705,#1294);
#1086=LINE('',#2707,#1295);
#1087=LINE('',#2708,#1296);
#1088=LINE('',#2710,#1297);
#1089=LINE('',#2713,#1298);
#1090=LINE('',#2715,#1299);
#1091=LINE('',#2717,#1300);
#1092=LINE('',#2719,#1301);
#1093=LINE('',#2721,#1302);
#1094=LINE('',#2723,#1303);
#1095=LINE('',#2725,#1304);
#1096=LINE('',#2727,#1305);
#1097=LINE('',#2728,#1306);
#1098=LINE('',#2730,#1307);
#1099=LINE('',#2732,#1308);
#1100=LINE('',#2735,#1309);
#1101=LINE('',#2736,#1310);
#1102=LINE('',#2738,#1311);
#1103=LINE('',#2740,#1312);
#1104=LINE('',#2743,#1313);
#1105=LINE('',#2745,#1314);
#1106=LINE('',#2747,#1315);
#1107=LINE('',#2749,#1316);
#1108=LINE('',#2751,#1317);
#1109=LINE('',#2753,#1318);
#1110=LINE('',#2755,#1319);
#1111=LINE('',#2757,#1320);
#1112=LINE('',#2759,#1321);
#1113=LINE('',#2761,#1322);
#1114=LINE('',#2763,#1323);
#1115=LINE('',#2765,#1324);
#1116=LINE('',#2767,#1325);
#1117=LINE('',#2769,#1326);
#1118=LINE('',#2771,#1327);
#1119=LINE('',#2773,#1328);
#1120=LINE('',#2775,#1329);
#1121=LINE('',#2777,#1330);
#1122=LINE('',#2779,#1331);
#1123=LINE('',#2781,#1332);
#1124=LINE('',#2783,#1333);
#1125=LINE('',#2785,#1334);
#1126=LINE('',#2787,#1335);
#1127=LINE('',#2789,#1336);
#1128=LINE('',#2791,#1337);
#1129=LINE('',#2793,#1338);
#1130=LINE('',#2795,#1339);
#1131=LINE('',#2797,#1340);
#1132=LINE('',#2799,#1341);
#1133=LINE('',#2801,#1342);
#1134=LINE('',#2803,#1343);
#1135=LINE('',#2805,#1344);
#1136=LINE('',#2807,#1345);
#1137=LINE('',#2809,#1346);
#1138=LINE('',#2811,#1347);
#1139=LINE('',#2813,#1348);
#1140=LINE('',#2815,#1349);
#1141=LINE('',#2817,#1350);
#1142=LINE('',#2819,#1351);
#1143=LINE('',#2821,#1352);
#1144=LINE('',#2823,#1353);
#1145=LINE('',#2825,#1354);
#1146=LINE('',#2827,#1355);
#1147=LINE('',#2829,#1356);
#1148=LINE('',#2831,#1357);
#1149=LINE('',#2833,#1358);
#1150=LINE('',#2835,#1359);
#1151=LINE('',#2837,#1360);
#1152=LINE('',#2839,#1361);
#1153=LINE('',#2841,#1362);
#1154=LINE('',#2843,#1363);
#1155=LINE('',#2845,#1364);
#1156=LINE('',#2847,#1365);
#1157=LINE('',#2849,#1366);
#1158=LINE('',#2851,#1367);
#1159=LINE('',#2853,#1368);
#1160=LINE('',#2855,#1369);
#1161=LINE('',#2857,#1370);
#1162=LINE('',#2859,#1371);
#1163=LINE('',#2861,#1372);
#1164=LINE('',#2863,#1373);
#1165=LINE('',#2865,#1374);
#1166=LINE('',#2867,#1375);
#1167=LINE('',#2869,#1376);
#1168=VECTOR('',#1965,1.);
#1169=VECTOR('',#1966,1.);
#1170=VECTOR('',#1967,1.);
#1171=VECTOR('',#1968,1.);
#1172=VECTOR('',#1971,1.);
#1173=VECTOR('',#1972,1.);
#1174=VECTOR('',#1973,1.);
#1175=VECTOR('',#1974,1.);
#1176=VECTOR('',#1975,1.);
#1177=VECTOR('',#1978,1.);
#1178=VECTOR('',#1979,1.);
#1179=VECTOR('',#1980,1.);
#1180=VECTOR('',#1983,1.);
#1181=VECTOR('',#1984,1.);
#1182=VECTOR('',#1985,1.);
#1183=VECTOR('',#1988,1.);
#1184=VECTOR('',#1989,1.);
#1185=VECTOR('',#1990,1.);
#1186=VECTOR('',#1991,1.);
#1187=VECTOR('',#1994,1.);
#1188=VECTOR('',#1995,1.);
#1189=VECTOR('',#1996,1.);
#1190=VECTOR('',#1999,1.);
#1191=VECTOR('',#2000,1.);
#1192=VECTOR('',#2001,1.);
#1193=VECTOR('',#2004,1.);
#1194=VECTOR('',#2005,1.);
#1195=VECTOR('',#2006,1.);
#1196=VECTOR('',#2009,1.);
#1197=VECTOR('',#2012,1.);
#1198=VECTOR('',#2013,1.);
#1199=VECTOR('',#2014,1.);
#1200=VECTOR('',#2017,1.);
#1201=VECTOR('',#2018,1.);
#1202=VECTOR('',#2019,1.);
#1203=VECTOR('',#2022,1.);
#1204=VECTOR('',#2023,1.);
#1205=VECTOR('',#2024,1.);
#1206=VECTOR('',#2027,1.);
#1207=VECTOR('',#2028,1.);
#1208=VECTOR('',#2029,1.);
#1209=VECTOR('',#2032,1.);
#1210=VECTOR('',#2033,1.);
#1211=VECTOR('',#2034,1.);
#1212=VECTOR('',#2037,1.);
#1213=VECTOR('',#2038,1.);
#1214=VECTOR('',#2039,1.);
#1215=VECTOR('',#2042,1.);
#1216=VECTOR('',#2043,1.);
#1217=VECTOR('',#2044,1.);
#1218=VECTOR('',#2045,1.);
#1219=VECTOR('',#2048,1.);
#1220=VECTOR('',#2049,1.);
#1221=VECTOR('',#2050,1.);
#1222=VECTOR('',#2053,1.);
#1223=VECTOR('',#2054,1.);
#1224=VECTOR('',#2055,1.);
#1225=VECTOR('',#2058,1.);
#1226=VECTOR('',#2059,1.);
#1227=VECTOR('',#2060,1.);
#1228=VECTOR('',#2061,1.);
#1229=VECTOR('',#2064,1.);
#1230=VECTOR('',#2065,1.);
#1231=VECTOR('',#2066,1.);
#1232=VECTOR('',#2067,1.);
#1233=VECTOR('',#2070,1.);
#1234=VECTOR('',#2071,1.);
#1235=VECTOR('',#2072,1.);
#1236=VECTOR('',#2073,1.);
#1237=VECTOR('',#2076,1.);
#1238=VECTOR('',#2077,1.);
#1239=VECTOR('',#2080,1.);
#1240=VECTOR('',#2081,1.);
#1241=VECTOR('',#2082,1.);
#1242=VECTOR('',#2083,1.);
#1243=VECTOR('',#2086,1.);
#1244=VECTOR('',#2087,1.);
#1245=VECTOR('',#2090,1.);
#1246=VECTOR('',#2091,1.);
#1247=VECTOR('',#2092,1.);
#1248=VECTOR('',#2093,1.);
#1249=VECTOR('',#2102,1.);
#1250=VECTOR('',#2103,1.);
#1251=VECTOR('',#2104,1.);
#1252=VECTOR('',#2105,1.);
#1253=VECTOR('',#2106,1.);
#1254=VECTOR('',#2107,1.);
#1255=VECTOR('',#2108,1.);
#1256=VECTOR('',#2109,1.);
#1257=VECTOR('',#2110,1.);
#1258=VECTOR('',#2111,1.);
#1259=VECTOR('',#2112,1.);
#1260=VECTOR('',#2113,1.);
#1261=VECTOR('',#2114,1.);
#1262=VECTOR('',#2115,1.);
#1263=VECTOR('',#2134,1.);
#1264=VECTOR('',#2135,1.);
#1265=VECTOR('',#2136,1.);
#1266=VECTOR('',#2137,1.);
#1267=VECTOR('',#2138,1.);
#1268=VECTOR('',#2139,1.);
#1269=VECTOR('',#2140,1.);
#1270=VECTOR('',#2141,1.);
#1271=VECTOR('',#2142,1.);
#1272=VECTOR('',#2143,1.);
#1273=VECTOR('',#2144,1.);
#1274=VECTOR('',#2145,1.);
#1275=VECTOR('',#2146,1.);
#1276=VECTOR('',#2147,1.);
#1277=VECTOR('',#2148,1.);
#1278=VECTOR('',#2149,1.);
#1279=VECTOR('',#2150,1.);
#1280=VECTOR('',#2151,1.);
#1281=VECTOR('',#2152,1.);
#1282=VECTOR('',#2153,1.);
#1283=VECTOR('',#2154,1.);
#1284=VECTOR('',#2155,1.);
#1285=VECTOR('',#2156,1.);
#1286=VECTOR('',#2157,1.);
#1287=VECTOR('',#2158,1.);
#1288=VECTOR('',#2159,1.);
#1289=VECTOR('',#2160,1.);
#1290=VECTOR('',#2161,1.);
#1291=VECTOR('',#2162,1.);
#1292=VECTOR('',#2163,1.);
#1293=VECTOR('',#2164,1.);
#1294=VECTOR('',#2165,1.);
#1295=VECTOR('',#2168,1.);
#1296=VECTOR('',#2169,1.);
#1297=VECTOR('',#2172,1.);
#1298=VECTOR('',#2177,1.);
#1299=VECTOR('',#2180,1.);
#1300=VECTOR('',#2183,1.);
#1301=VECTOR('',#2186,1.);
#1302=VECTOR('',#2187,1.);
#1303=VECTOR('',#2190,1.);
#1304=VECTOR('',#2193,1.);
#1305=VECTOR('',#2194,1.);
#1306=VECTOR('',#2195,1.);
#1307=VECTOR('',#2198,1.);
#1308=VECTOR('',#2201,1.);
#1309=VECTOR('',#2206,1.);
#1310=VECTOR('',#2207,1.);
#1311=VECTOR('',#2210,1.);
#1312=VECTOR('',#2213,1.);
#1313=VECTOR('',#2218,1.);
#1314=VECTOR('',#2219,1.);
#1315=VECTOR('',#2220,1.);
#1316=VECTOR('',#2223,1.);
#1317=VECTOR('',#2224,1.);
#1318=VECTOR('',#2227,1.);
#1319=VECTOR('',#2228,1.);
#1320=VECTOR('',#2231,1.);
#1321=VECTOR('',#2232,1.);
#1322=VECTOR('',#2233,1.);
#1323=VECTOR('',#2236,1.);
#1324=VECTOR('',#2237,1.);
#1325=VECTOR('',#2240,1.);
#1326=VECTOR('',#2241,1.);
#1327=VECTOR('',#2244,1.);
#1328=VECTOR('',#2245,1.);
#1329=VECTOR('',#2246,1.);
#1330=VECTOR('',#2249,1.);
#1331=VECTOR('',#2250,1.);
#1332=VECTOR('',#2253,1.);
#1333=VECTOR('',#2254,1.);
#1334=VECTOR('',#2257,1.);
#1335=VECTOR('',#2258,1.);
#1336=VECTOR('',#2259,1.);
#1337=VECTOR('',#2262,1.);
#1338=VECTOR('',#2263,1.);
#1339=VECTOR('',#2266,1.);
#1340=VECTOR('',#2267,1.);
#1341=VECTOR('',#2270,1.);
#1342=VECTOR('',#2271,1.);
#1343=VECTOR('',#2272,1.);
#1344=VECTOR('',#2275,1.);
#1345=VECTOR('',#2276,1.);
#1346=VECTOR('',#2279,1.);
#1347=VECTOR('',#2280,1.);
#1348=VECTOR('',#2283,1.);
#1349=VECTOR('',#2284,1.);
#1350=VECTOR('',#2285,1.);
#1351=VECTOR('',#2288,1.);
#1352=VECTOR('',#2289,1.);
#1353=VECTOR('',#2292,1.);
#1354=VECTOR('',#2293,1.);
#1355=VECTOR('',#2296,1.);
#1356=VECTOR('',#2297,1.);
#1357=VECTOR('',#2298,1.);
#1358=VECTOR('',#2301,1.);
#1359=VECTOR('',#2302,1.);
#1360=VECTOR('',#2305,1.);
#1361=VECTOR('',#2306,1.);
#1362=VECTOR('',#2309,1.);
#1363=VECTOR('',#2310,1.);
#1364=VECTOR('',#2311,1.);
#1365=VECTOR('',#2314,1.);
#1366=VECTOR('',#2315,1.);
#1367=VECTOR('',#2318,1.);
#1368=VECTOR('',#2319,1.);
#1369=VECTOR('',#2322,1.);
#1370=VECTOR('',#2325,1.);
#1371=VECTOR('',#2328,1.);
#1372=VECTOR('',#2331,1.);
#1373=VECTOR('',#2334,1.);
#1374=VECTOR('',#2337,1.);
#1375=VECTOR('',#2340,1.);
#1376=VECTOR('',#2343,1.);
#1377=EDGE_LOOP('',(#64,#65,#66,#67));
#1378=EDGE_LOOP('',(#68,#69,#70,#71,#72,#73));
#1379=EDGE_LOOP('',(#74,#75,#76,#77));
#1380=EDGE_LOOP('',(#78,#79,#80,#81));
#1381=EDGE_LOOP('',(#82,#83,#84,#85));
#1382=EDGE_LOOP('',(#86,#87,#88,#89));
#1383=EDGE_LOOP('',(#90,#91,#92,#93));
#1384=EDGE_LOOP('',(#94,#95,#96,#97));
#1385=EDGE_LOOP('',(#98,#99,#100,#101));
#1386=EDGE_LOOP('',(#102,#103,#104,#105));
#1387=EDGE_LOOP('',(#106,#107,#108,#109));
#1388=EDGE_LOOP('',(#110,#111,#112,#113));
#1389=EDGE_LOOP('',(#114,#115,#116,#117));
#1390=EDGE_LOOP('',(#118,#119,#120,#121));
#1391=EDGE_LOOP('',(#122,#123,#124,#125));
#1392=EDGE_LOOP('',(#126,#127,#128,#129));
#1393=EDGE_LOOP('',(#130,#131,#132,#133));
#1394=EDGE_LOOP('',(#134,#135,#136,#137));
#1395=EDGE_LOOP('',(#138,#139,#140,#141));
#1396=EDGE_LOOP('',(#142,#143,#144,#145));
#1397=EDGE_LOOP('',(#146,#147,#148,#149));
#1398=EDGE_LOOP('',(#150,#151,#152,#153));
#1399=EDGE_LOOP('',(#154,#155,#156,#157));
#1400=EDGE_LOOP('',(#158,#159,#160,#161));
#1401=EDGE_LOOP('',(#162,#163,#164,#165,#166,#167,#168,#169));
#1402=EDGE_LOOP('',(#170));
#1403=EDGE_LOOP('',(#171));
#1404=EDGE_LOOP('',(#172));
#1405=EDGE_LOOP('',(#173));
#1406=EDGE_LOOP('',(#174,#175,#176,#177,#178,#179,#180,#181,#182,#183,#184,
#185,#186,#187,#188));
#1407=EDGE_LOOP('',(#189));
#1408=EDGE_LOOP('',(#190));
#1409=EDGE_LOOP('',(#191));
#1410=EDGE_LOOP('',(#192));
#1411=EDGE_LOOP('',(#193,#194,#195,#196,#197,#198,#199,#200));
#1412=EDGE_LOOP('',(#201,#202,#203,#204));
#1413=EDGE_LOOP('',(#205,#206,#207,#208));
#1414=EDGE_LOOP('',(#209,#210,#211,#212));
#1415=EDGE_LOOP('',(#213,#214,#215,#216));
#1416=EDGE_LOOP('',(#217,#218,#219,#220));
#1417=EDGE_LOOP('',(#221,#222,#223,#224));
#1418=EDGE_LOOP('',(#225,#226,#227,#228));
#1419=EDGE_LOOP('',(#229,#230,#231,#232));
#1420=EDGE_LOOP('',(#233,#234,#235,#236));
#1421=EDGE_LOOP('',(#237,#238,#239,#240));
#1422=EDGE_LOOP('',(#241,#242,#243,#244));
#1423=EDGE_LOOP('',(#245,#246,#247,#248));
#1424=EDGE_LOOP('',(#249,#250,#251,#252));
#1425=EDGE_LOOP('',(#253,#254,#255,#256));
#1426=EDGE_LOOP('',(#257,#258,#259,#260));
#1427=EDGE_LOOP('',(#261,#262,#263,#264));
#1428=EDGE_LOOP('',(#265,#266,#267,#268));
#1429=EDGE_LOOP('',(#269,#270,#271,#272,#273,#274));
#1430=EDGE_LOOP('',(#275,#276,#277,#278));
#1431=EDGE_LOOP('',(#279,#280,#281,#282));
#1432=EDGE_LOOP('',(#283,#284,#285,#286));
#1433=EDGE_LOOP('',(#287,#288,#289,#290,#291,#292,#293));
#1434=EDGE_LOOP('',(#294,#295,#296,#297,#298));
#1435=EDGE_LOOP('',(#299,#300,#301,#302,#303));
#1436=EDGE_LOOP('',(#304,#305,#306,#307));
#1437=EDGE_LOOP('',(#308,#309,#310,#311));
#1438=EDGE_LOOP('',(#312,#313,#314,#315));
#1439=EDGE_LOOP('',(#316,#317,#318,#319));
#1440=EDGE_LOOP('',(#320,#321,#322,#323));
#1441=EDGE_LOOP('',(#324,#325,#326,#327));
#1442=EDGE_LOOP('',(#328,#329,#330,#331));
#1443=EDGE_LOOP('',(#332,#333,#334,#335));
#1444=EDGE_LOOP('',(#336,#337,#338,#339));
#1445=EDGE_LOOP('',(#340,#341,#342,#343));
#1446=EDGE_LOOP('',(#344,#345,#346,#347));
#1447=EDGE_LOOP('',(#348,#349,#350,#351));
#1448=EDGE_LOOP('',(#352,#353,#354,#355));
#1449=EDGE_LOOP('',(#356,#357,#358,#359));
#1450=EDGE_LOOP('',(#360,#361,#362,#363));
#1451=EDGE_LOOP('',(#364,#365,#366,#367));
#1452=EDGE_LOOP('',(#368,#369,#370,#371));
#1453=EDGE_LOOP('',(#372,#373,#374,#375));
#1454=EDGE_LOOP('',(#376,#377,#378,#379));
#1455=EDGE_LOOP('',(#380,#381,#382,#383));
#1456=EDGE_LOOP('',(#384,#385,#386,#387));
#1457=EDGE_LOOP('',(#388,#389,#390,#391));
#1458=EDGE_LOOP('',(#392,#393,#394,#395));
#1459=EDGE_LOOP('',(#396,#397,#398,#399));
#1460=EDGE_LOOP('',(#400,#401,#402,#403));
#1461=EDGE_LOOP('',(#404,#405,#406,#407));
#1462=EDGE_LOOP('',(#408,#409,#410,#411));
#1463=EDGE_LOOP('',(#412,#413,#414,#415));
#1464=EDGE_LOOP('',(#416,#417,#418,#419));
#1465=EDGE_LOOP('',(#420,#421,#422,#423));
#1466=EDGE_LOOP('',(#424,#425,#426,#427));
#1467=EDGE_LOOP('',(#428,#429,#430,#431));
#1468=EDGE_LOOP('',(#432,#433,#434,#435));
#1469=EDGE_LOOP('',(#436,#437,#438,#439));
#1470=EDGE_LOOP('',(#440,#441,#442,#443));
#1471=EDGE_LOOP('',(#444,#445,#446,#447));
#1472=EDGE_LOOP('',(#448,#449,#450,#451));
#1473=EDGE_LOOP('',(#452,#453,#454,#455));
#1474=EDGE_LOOP('',(#456,#457,#458,#459));
#1475=EDGE_LOOP('',(#460,#461,#462,#463));
#1476=EDGE_LOOP('',(#464,#465,#466,#467,#468,#469,#470,#471,#472,#473,#474,
#475,#476,#477));
#1477=EDGE_LOOP('',(#478,#479,#480,#481));
#1478=EDGE_LOOP('',(#482));
#1479=EDGE_LOOP('',(#483));
#1480=EDGE_LOOP('',(#484));
#1481=EDGE_LOOP('',(#485));
#1482=EDGE_LOOP('',(#486));
#1483=EDGE_LOOP('',(#487));
#1484=EDGE_LOOP('',(#488));
#1485=EDGE_LOOP('',(#489));
#1486=EDGE_LOOP('',(#490));
#1487=EDGE_LOOP('',(#491));
#1488=EDGE_LOOP('',(#492));
#1489=EDGE_LOOP('',(#493));
#1490=EDGE_LOOP('',(#494));
#1491=EDGE_LOOP('',(#495));
#1492=EDGE_LOOP('',(#496));
#1493=EDGE_LOOP('',(#497));
#1494=EDGE_LOOP('',(#498));
#1495=EDGE_LOOP('',(#499));
#1496=EDGE_LOOP('',(#500));
#1497=EDGE_LOOP('',(#501));
#1498=EDGE_LOOP('',(#502));
#1499=EDGE_LOOP('',(#503));
#1500=EDGE_LOOP('',(#504));
#1501=EDGE_LOOP('',(#505));
#1502=EDGE_LOOP('',(#506,#507,#508,#509));
#1503=EDGE_LOOP('',(#510,#511,#512,#513));
#1504=EDGE_LOOP('',(#514,#515,#516,#517));
#1505=EDGE_LOOP('',(#518,#519,#520,#521));
#1506=EDGE_LOOP('',(#522,#523,#524,#525));
#1507=EDGE_LOOP('',(#526,#527,#528,#529));
#1508=EDGE_LOOP('',(#530,#531,#532,#533));
#1509=EDGE_LOOP('',(#534,#535,#536,#537));
#1510=EDGE_LOOP('',(#538,#539,#540,#541));
#1511=EDGE_LOOP('',(#542,#543,#544,#545));
#1512=EDGE_LOOP('',(#546,#547,#548,#549));
#1513=EDGE_LOOP('',(#550,#551,#552,#553));
#1514=FACE_BOUND('',#1377,.T.);
#1515=FACE_BOUND('',#1378,.T.);
#1516=FACE_BOUND('',#1379,.T.);
#1517=FACE_BOUND('',#1380,.T.);
#1518=FACE_BOUND('',#1381,.T.);
#1519=FACE_BOUND('',#1382,.T.);
#1520=FACE_BOUND('',#1383,.T.);
#1521=FACE_BOUND('',#1384,.T.);
#1522=FACE_BOUND('',#1385,.T.);
#1523=FACE_BOUND('',#1386,.T.);
#1524=FACE_BOUND('',#1387,.T.);
#1525=FACE_BOUND('',#1388,.T.);
#1526=FACE_BOUND('',#1389,.T.);
#1527=FACE_BOUND('',#1390,.T.);
#1528=FACE_BOUND('',#1391,.T.);
#1529=FACE_BOUND('',#1392,.T.);
#1530=FACE_BOUND('',#1393,.T.);
#1531=FACE_BOUND('',#1394,.T.);
#1532=FACE_BOUND('',#1395,.T.);
#1533=FACE_BOUND('',#1396,.T.);
#1534=FACE_BOUND('',#1397,.T.);
#1535=FACE_BOUND('',#1398,.T.);
#1536=FACE_BOUND('',#1399,.T.);
#1537=FACE_BOUND('',#1400,.T.);
#1538=FACE_BOUND('',#1401,.T.);
#1539=FACE_BOUND('',#1402,.T.);
#1540=FACE_BOUND('',#1403,.T.);
#1541=FACE_BOUND('',#1404,.T.);
#1542=FACE_BOUND('',#1405,.T.);
#1543=FACE_BOUND('',#1406,.T.);
#1544=FACE_BOUND('',#1407,.T.);
#1545=FACE_BOUND('',#1408,.T.);
#1546=FACE_BOUND('',#1409,.T.);
#1547=FACE_BOUND('',#1410,.T.);
#1548=FACE_BOUND('',#1411,.T.);
#1549=FACE_BOUND('',#1412,.T.);
#1550=FACE_BOUND('',#1413,.T.);
#1551=FACE_BOUND('',#1414,.T.);
#1552=FACE_BOUND('',#1415,.T.);
#1553=FACE_BOUND('',#1416,.T.);
#1554=FACE_BOUND('',#1417,.T.);
#1555=FACE_BOUND('',#1418,.T.);
#1556=FACE_BOUND('',#1419,.T.);
#1557=FACE_BOUND('',#1420,.T.);
#1558=FACE_BOUND('',#1421,.T.);
#1559=FACE_BOUND('',#1422,.T.);
#1560=FACE_BOUND('',#1423,.T.);
#1561=FACE_BOUND('',#1424,.T.);
#1562=FACE_BOUND('',#1425,.T.);
#1563=FACE_BOUND('',#1426,.T.);
#1564=FACE_BOUND('',#1427,.T.);
#1565=FACE_BOUND('',#1428,.T.);
#1566=FACE_BOUND('',#1429,.T.);
#1567=FACE_BOUND('',#1430,.T.);
#1568=FACE_BOUND('',#1431,.T.);
#1569=FACE_BOUND('',#1432,.T.);
#1570=FACE_BOUND('',#1433,.T.);
#1571=FACE_BOUND('',#1434,.T.);
#1572=FACE_BOUND('',#1435,.T.);
#1573=FACE_BOUND('',#1436,.T.);
#1574=FACE_BOUND('',#1437,.T.);
#1575=FACE_BOUND('',#1438,.T.);
#1576=FACE_BOUND('',#1439,.T.);
#1577=FACE_BOUND('',#1440,.T.);
#1578=FACE_BOUND('',#1441,.T.);
#1579=FACE_BOUND('',#1442,.T.);
#1580=FACE_BOUND('',#1443,.T.);
#1581=FACE_BOUND('',#1444,.T.);
#1582=FACE_BOUND('',#1445,.T.);
#1583=FACE_BOUND('',#1446,.T.);
#1584=FACE_BOUND('',#1447,.T.);
#1585=FACE_BOUND('',#1448,.T.);
#1586=FACE_BOUND('',#1449,.T.);
#1587=FACE_BOUND('',#1450,.T.);
#1588=FACE_BOUND('',#1451,.T.);
#1589=FACE_BOUND('',#1452,.T.);
#1590=FACE_BOUND('',#1453,.T.);
#1591=FACE_BOUND('',#1454,.T.);
#1592=FACE_BOUND('',#1455,.T.);
#1593=FACE_BOUND('',#1456,.T.);
#1594=FACE_BOUND('',#1457,.T.);
#1595=FACE_BOUND('',#1458,.T.);
#1596=FACE_BOUND('',#1459,.T.);
#1597=FACE_BOUND('',#1460,.T.);
#1598=FACE_BOUND('',#1461,.T.);
#1599=FACE_BOUND('',#1462,.T.);
#1600=FACE_BOUND('',#1463,.T.);
#1601=FACE_BOUND('',#1464,.T.);
#1602=FACE_BOUND('',#1465,.T.);
#1603=FACE_BOUND('',#1466,.T.);
#1604=FACE_BOUND('',#1467,.T.);
#1605=FACE_BOUND('',#1468,.T.);
#1606=FACE_BOUND('',#1469,.T.);
#1607=FACE_BOUND('',#1470,.T.);
#1608=FACE_BOUND('',#1471,.T.);
#1609=FACE_BOUND('',#1472,.T.);
#1610=FACE_BOUND('',#1473,.T.);
#1611=FACE_BOUND('',#1474,.T.);
#1612=FACE_BOUND('',#1475,.T.);
#1613=FACE_BOUND('',#1476,.T.);
#1614=FACE_BOUND('',#1477,.T.);
#1615=FACE_BOUND('',#1478,.T.);
#1616=FACE_BOUND('',#1479,.T.);
#1617=FACE_BOUND('',#1480,.T.);
#1618=FACE_BOUND('',#1481,.T.);
#1619=FACE_BOUND('',#1482,.T.);
#1620=FACE_BOUND('',#1483,.T.);
#1621=FACE_BOUND('',#1484,.T.);
#1622=FACE_BOUND('',#1485,.T.);
#1623=FACE_BOUND('',#1486,.T.);
#1624=FACE_BOUND('',#1487,.T.);
#1625=FACE_BOUND('',#1488,.T.);
#1626=FACE_BOUND('',#1489,.T.);
#1627=FACE_BOUND('',#1490,.T.);
#1628=FACE_BOUND('',#1491,.T.);
#1629=FACE_BOUND('',#1492,.T.);
#1630=FACE_BOUND('',#1493,.T.);
#1631=FACE_BOUND('',#1494,.T.);
#1632=FACE_BOUND('',#1495,.T.);
#1633=FACE_BOUND('',#1496,.T.);
#1634=FACE_BOUND('',#1497,.T.);
#1635=FACE_BOUND('',#1498,.T.);
#1636=FACE_BOUND('',#1499,.T.);
#1637=FACE_BOUND('',#1500,.T.);
#1638=FACE_BOUND('',#1501,.T.);
#1639=FACE_BOUND('',#1502,.T.);
#1640=FACE_BOUND('',#1503,.T.);
#1641=FACE_BOUND('',#1504,.T.);
#1642=FACE_BOUND('',#1505,.T.);
#1643=FACE_BOUND('',#1506,.T.);
#1644=FACE_BOUND('',#1507,.T.);
#1645=FACE_BOUND('',#1508,.T.);
#1646=FACE_BOUND('',#1509,.T.);
#1647=FACE_BOUND('',#1510,.T.);
#1648=FACE_BOUND('',#1511,.T.);
#1649=FACE_BOUND('',#1512,.T.);
#1650=FACE_BOUND('',#1513,.T.);
#1651=PLANE('',#1846);
#1652=PLANE('',#1847);
#1653=PLANE('',#1848);
#1654=PLANE('',#1849);
#1655=PLANE('',#1850);
#1656=PLANE('',#1851);
#1657=PLANE('',#1852);
#1658=PLANE('',#1853);
#1659=PLANE('',#1854);
#1660=PLANE('',#1855);
#1661=PLANE('',#1856);
#1662=PLANE('',#1857);
#1663=PLANE('',#1858);
#1664=PLANE('',#1859);
#1665=PLANE('',#1860);
#1666=PLANE('',#1861);
#1667=PLANE('',#1862);
#1668=PLANE('',#1863);
#1669=PLANE('',#1864);
#1670=PLANE('',#1865);
#1671=PLANE('',#1866);
#1672=PLANE('',#1867);
#1673=PLANE('',#1868);
#1674=PLANE('',#1869);
#1675=PLANE('',#1870);
#1676=PLANE('',#1875);
#1677=PLANE('',#1884);
#1678=PLANE('',#1885);
#1679=PLANE('',#1886);
#1680=PLANE('',#1887);
#1681=PLANE('',#1888);
#1682=PLANE('',#1889);
#1683=PLANE('',#1890);
#1684=PLANE('',#1891);
#1685=PLANE('',#1892);
#1686=PLANE('',#1893);
#1687=PLANE('',#1894);
#1688=PLANE('',#1895);
#1689=PLANE('',#1896);
#1690=PLANE('',#1897);
#1691=PLANE('',#1898);
#1692=PLANE('',#1899);
#1693=PLANE('',#1900);
#1694=PLANE('',#1901);
#1695=PLANE('',#1902);
#1696=PLANE('',#1903);
#1697=PLANE('',#1904);
#1698=PLANE('',#1905);
#1699=PLANE('',#1906);
#1700=PLANE('',#1907);
#1701=PLANE('',#1908);
#1702=PLANE('',#1909);
#1703=PLANE('',#1910);
#1704=PLANE('',#1911);
#1705=PLANE('',#1912);
#1706=PLANE('',#1913);
#1707=PLANE('',#1914);
#1708=PLANE('',#1915);
#1709=PLANE('',#1916);
#1710=PLANE('',#1917);
#1711=PLANE('',#1918);
#1712=PLANE('',#1919);
#1713=PLANE('',#1920);
#1714=PLANE('',#1921);
#1715=PLANE('',#1922);
#1716=PLANE('',#1923);
#1717=PLANE('',#1924);
#1718=PLANE('',#1925);
#1719=PLANE('',#1926);
#1720=PLANE('',#1927);
#1721=PLANE('',#1928);
#1722=PLANE('',#1929);
#1723=PLANE('',#1930);
#1724=PLANE('',#1931);
#1725=PLANE('',#1932);
#1726=PLANE('',#1935);
#1727=PLANE('',#1940);
#1728=PLANE('',#1945);
#1729=PLANE('',#1950);
#1730=PLANE('',#1957);
#1731=PLANE('',#1958);
#1732=PLANE('',#1959);
#1733=PLANE('',#1960);
#1734=ADVANCED_FACE('',(#1514),#1651,.F.);
#1735=ADVANCED_FACE('',(#1515),#1652,.T.);
#1736=ADVANCED_FACE('',(#1516),#1653,.F.);
#1737=ADVANCED_FACE('',(#1517),#1654,.T.);
#1738=ADVANCED_FACE('',(#1518),#1655,.F.);
#1739=ADVANCED_FACE('',(#1519),#1656,.F.);
#1740=ADVANCED_FACE('',(#1520),#1657,.T.);
#1741=ADVANCED_FACE('',(#1521),#1658,.F.);
#1742=ADVANCED_FACE('',(#1522),#1659,.T.);
#1743=ADVANCED_FACE('',(#1523),#1660,.F.);
#1744=ADVANCED_FACE('',(#1524),#1661,.T.);
#1745=ADVANCED_FACE('',(#1525),#1662,.F.);
#1746=ADVANCED_FACE('',(#1526),#1663,.T.);
#1747=ADVANCED_FACE('',(#1527),#1664,.F.);
#1748=ADVANCED_FACE('',(#1528),#1665,.T.);
#1749=ADVANCED_FACE('',(#1529),#1666,.T.);
#1750=ADVANCED_FACE('',(#1530),#1667,.T.);
#1751=ADVANCED_FACE('',(#1531),#1668,.F.);
#1752=ADVANCED_FACE('',(#1532),#1669,.T.);
#1753=ADVANCED_FACE('',(#1533),#1670,.T.);
#1754=ADVANCED_FACE('',(#1534),#1671,.T.);
#1755=ADVANCED_FACE('',(#1535),#1672,.F.);
#1756=ADVANCED_FACE('',(#1536),#1673,.F.);
#1757=ADVANCED_FACE('',(#1537),#1674,.F.);
#1758=ADVANCED_FACE('',(#1538,#1539,#1540,#1541,#1542,#1543),#1675,.T.);
#1759=ADVANCED_FACE('',(#1544,#1545,#1546,#1547,#1548,#1549,#1550,#1551,
#1552,#1553,#1554,#1555,#1556,#1557),#1676,.F.);
#1760=ADVANCED_FACE('',(#1558),#1677,.T.);
#1761=ADVANCED_FACE('',(#1559),#1678,.F.);
#1762=ADVANCED_FACE('',(#1560),#1679,.F.);
#1763=ADVANCED_FACE('',(#1561),#1680,.T.);
#1764=ADVANCED_FACE('',(#1562),#1681,.F.);
#1765=ADVANCED_FACE('',(#1563),#1682,.T.);
#1766=ADVANCED_FACE('',(#1564),#1683,.T.);
#1767=ADVANCED_FACE('',(#1565),#1684,.F.);
#1768=ADVANCED_FACE('',(#1566),#1685,.F.);
#1769=ADVANCED_FACE('',(#1567),#1686,.T.);
#1770=ADVANCED_FACE('',(#1568),#1687,.T.);
#1771=ADVANCED_FACE('',(#1569),#1688,.T.);
#1772=ADVANCED_FACE('',(#1570),#1689,.F.);
#1773=ADVANCED_FACE('',(#1571),#1690,.T.);
#1774=ADVANCED_FACE('',(#1572),#1691,.F.);
#1775=ADVANCED_FACE('',(#1573),#1692,.T.);
#1776=ADVANCED_FACE('',(#1574),#1693,.F.);
#1777=ADVANCED_FACE('',(#1575),#1694,.F.);
#1778=ADVANCED_FACE('',(#1576),#1695,.F.);
#1779=ADVANCED_FACE('',(#1577),#1696,.F.);
#1780=ADVANCED_FACE('',(#1578),#1697,.F.);
#1781=ADVANCED_FACE('',(#1579),#1698,.F.);
#1782=ADVANCED_FACE('',(#1580),#1699,.F.);
#1783=ADVANCED_FACE('',(#1581),#1700,.F.);
#1784=ADVANCED_FACE('',(#1582),#1701,.F.);
#1785=ADVANCED_FACE('',(#1583),#1702,.F.);
#1786=ADVANCED_FACE('',(#1584),#1703,.F.);
#1787=ADVANCED_FACE('',(#1585),#1704,.F.);
#1788=ADVANCED_FACE('',(#1586),#1705,.F.);
#1789=ADVANCED_FACE('',(#1587),#1706,.F.);
#1790=ADVANCED_FACE('',(#1588),#1707,.F.);
#1791=ADVANCED_FACE('',(#1589),#1708,.F.);
#1792=ADVANCED_FACE('',(#1590),#1709,.F.);
#1793=ADVANCED_FACE('',(#1591),#1710,.F.);
#1794=ADVANCED_FACE('',(#1592),#1711,.F.);
#1795=ADVANCED_FACE('',(#1593),#1712,.F.);
#1796=ADVANCED_FACE('',(#1594),#1713,.F.);
#1797=ADVANCED_FACE('',(#1595),#1714,.F.);
#1798=ADVANCED_FACE('',(#1596),#1715,.F.);
#1799=ADVANCED_FACE('',(#1597),#1716,.F.);
#1800=ADVANCED_FACE('',(#1598),#1717,.F.);
#1801=ADVANCED_FACE('',(#1599),#1718,.F.);
#1802=ADVANCED_FACE('',(#1600),#1719,.F.);
#1803=ADVANCED_FACE('',(#1601),#1720,.F.);
#1804=ADVANCED_FACE('',(#1602),#1721,.F.);
#1805=ADVANCED_FACE('',(#1603),#1722,.F.);
#1806=ADVANCED_FACE('',(#1604),#1723,.F.);
#1807=ADVANCED_FACE('',(#1605),#1724,.T.);
#1808=ADVANCED_FACE('',(#1606,#1607,#1608,#1609,#1610,#1611,#1612,#1613,
#1614),#1725,.T.);
#1809=ADVANCED_FACE('',(#1615,#1616),#16,.F.);
#1810=ADVANCED_FACE('',(#1617,#1618),#1726,.T.);
#1811=ADVANCED_FACE('',(#1619,#1620),#17,.F.);
#1812=ADVANCED_FACE('',(#1621,#1622),#18,.F.);
#1813=ADVANCED_FACE('',(#1623,#1624),#1727,.T.);
#1814=ADVANCED_FACE('',(#1625,#1626),#19,.F.);
#1815=ADVANCED_FACE('',(#1627,#1628),#20,.F.);
#1816=ADVANCED_FACE('',(#1629,#1630),#1728,.T.);
#1817=ADVANCED_FACE('',(#1631,#1632),#21,.F.);
#1818=ADVANCED_FACE('',(#1633,#1634),#22,.F.);
#1819=ADVANCED_FACE('',(#1635,#1636),#1729,.T.);
#1820=ADVANCED_FACE('',(#1637,#1638),#23,.F.);
#1821=ADVANCED_FACE('',(#1639),#24,.T.);
#1822=ADVANCED_FACE('',(#1640),#25,.T.);
#1823=ADVANCED_FACE('',(#1641),#26,.T.);
#1824=ADVANCED_FACE('',(#1642),#27,.T.);
#1825=ADVANCED_FACE('',(#1643),#1730,.T.);
#1826=ADVANCED_FACE('',(#1644),#12,.T.);
#1827=ADVANCED_FACE('',(#1645),#13,.T.);
#1828=ADVANCED_FACE('',(#1646),#1731,.F.);
#1829=ADVANCED_FACE('',(#1647),#1732,.F.);
#1830=ADVANCED_FACE('',(#1648),#14,.T.);
#1831=ADVANCED_FACE('',(#1649),#15,.T.);
#1832=ADVANCED_FACE('',(#1650),#1733,.F.);
#1833=CLOSED_SHELL('',(#1734,#1735,#1736,#1737,#1738,#1739,#1740,#1741,
#1742,#1743,#1744,#1745,#1746,#1747,#1748,#1749,#1750,#1751,#1752,#1753,
#1754,#1755,#1756,#1757,#1758,#1759,#1760,#1761,#1762,#1763,#1764,#1765,
#1766,#1767,#1768,#1769,#1770,#1771,#1772,#1773,#1774,#1775,#1776,#1777,
#1778,#1779,#1780,#1781,#1782,#1783,#1784,#1785,#1786,#1787,#1788,#1789,
#1790,#1791,#1792,#1793,#1794,#1795,#1796,#1797,#1798,#1799,#1800,#1801,
#1802,#1803,#1804,#1805,#1806,#1807,#1808,#1809,#1810,#1811,#1812,#1813,
#1814,#1815,#1816,#1817,#1818,#1819,#1820,#1821,#1822,#1823,#1824,#1825,
#1826,#1827,#1828,#1829,#1830,#1831,#1832));
#1834=STYLED_ITEM('',(#1835),#1842);
#1835=PRESENTATION_STYLE_ASSIGNMENT((#1836));
#1836=SURFACE_STYLE_USAGE(.BOTH.,#1837);
#1837=SURFACE_SIDE_STYLE('',(#1838));
#1838=SURFACE_STYLE_FILL_AREA(#1839);
#1839=FILL_AREA_STYLE('',(#1840));
#1840=FILL_AREA_STYLE_COLOUR('',#1841);
#1841=COLOUR_RGB('',0.615686274509804,0.811764705882353,0.929411764705882);
#1842=MANIFOLD_SOLID_BREP('Part 1',#1833);
#1843=SHAPE_DEFINITION_REPRESENTATION(#3013,#1844);
#1844=SHAPE_REPRESENTATION('Part 1',(#1845),#3008);
#1845=AXIS2_PLACEMENT_3D('',#2402,#1961,#1962);
#1846=AXIS2_PLACEMENT_3D('',#2403,#1963,#1964);
#1847=AXIS2_PLACEMENT_3D('',#2412,#1969,#1970);
#1848=AXIS2_PLACEMENT_3D('',#2422,#1976,#1977);
#1849=AXIS2_PLACEMENT_3D('',#2428,#1981,#1982);
#1850=AXIS2_PLACEMENT_3D('',#2434,#1986,#1987);
#1851=AXIS2_PLACEMENT_3D('',#2443,#1992,#1993);
#1852=AXIS2_PLACEMENT_3D('',#2449,#1997,#1998);
#1853=AXIS2_PLACEMENT_3D('',#2455,#2002,#2003);
#1854=AXIS2_PLACEMENT_3D('',#2460,#2007,#2008);
#1855=AXIS2_PLACEMENT_3D('',#2462,#2010,#2011);
#1856=AXIS2_PLACEMENT_3D('',#2468,#2015,#2016);
#1857=AXIS2_PLACEMENT_3D('',#2474,#2020,#2021);
#1858=AXIS2_PLACEMENT_3D('',#2480,#2025,#2026);
#1859=AXIS2_PLACEMENT_3D('',#2486,#2030,#2031);
#1860=AXIS2_PLACEMENT_3D('',#2492,#2035,#2036);
#1861=AXIS2_PLACEMENT_3D('',#2498,#2040,#2041);
#1862=AXIS2_PLACEMENT_3D('',#2507,#2046,#2047);
#1863=AXIS2_PLACEMENT_3D('',#2513,#2051,#2052);
#1864=AXIS2_PLACEMENT_3D('',#2519,#2056,#2057);
#1865=AXIS2_PLACEMENT_3D('',#2528,#2062,#2063);
#1866=AXIS2_PLACEMENT_3D('',#2537,#2068,#2069);
#1867=AXIS2_PLACEMENT_3D('',#2546,#2074,#2075);
#1868=AXIS2_PLACEMENT_3D('',#2549,#2078,#2079);
#1869=AXIS2_PLACEMENT_3D('',#2558,#2084,#2085);
#1870=AXIS2_PLACEMENT_3D('',#2561,#2088,#2089);
#1871=AXIS2_PLACEMENT_3D('',#2594,#2094,#2095);
#1872=AXIS2_PLACEMENT_3D('',#2596,#2096,#2097);
#1873=AXIS2_PLACEMENT_3D('',#2598,#2098,#2099);
#1874=AXIS2_PLACEMENT_3D('',#2600,#2100,#2101);
#1875=AXIS2_PLACEMENT_3D('',#2629,#2116,#2117);
#1876=AXIS2_PLACEMENT_3D('',#2630,#2118,#2119);
#1877=AXIS2_PLACEMENT_3D('',#2632,#2120,#2121);
#1878=AXIS2_PLACEMENT_3D('',#2634,#2122,#2123);
#1879=AXIS2_PLACEMENT_3D('',#2636,#2124,#2125);
#1880=AXIS2_PLACEMENT_3D('',#2638,#2126,#2127);
#1881=AXIS2_PLACEMENT_3D('',#2639,#2128,#2129);
#1882=AXIS2_PLACEMENT_3D('',#2640,#2130,#2131);
#1883=AXIS2_PLACEMENT_3D('',#2641,#2132,#2133);
#1884=AXIS2_PLACEMENT_3D('',#2706,#2166,#2167);
#1885=AXIS2_PLACEMENT_3D('',#2709,#2170,#2171);
#1886=AXIS2_PLACEMENT_3D('',#2711,#2173,#2174);
#1887=AXIS2_PLACEMENT_3D('',#2712,#2175,#2176);
#1888=AXIS2_PLACEMENT_3D('',#2714,#2178,#2179);
#1889=AXIS2_PLACEMENT_3D('',#2716,#2181,#2182);
#1890=AXIS2_PLACEMENT_3D('',#2718,#2184,#2185);
#1891=AXIS2_PLACEMENT_3D('',#2722,#2188,#2189);
#1892=AXIS2_PLACEMENT_3D('',#2724,#2191,#2192);
#1893=AXIS2_PLACEMENT_3D('',#2729,#2196,#2197);
#1894=AXIS2_PLACEMENT_3D('',#2731,#2199,#2200);
#1895=AXIS2_PLACEMENT_3D('',#2733,#2202,#2203);
#1896=AXIS2_PLACEMENT_3D('',#2734,#2204,#2205);
#1897=AXIS2_PLACEMENT_3D('',#2737,#2208,#2209);
#1898=AXIS2_PLACEMENT_3D('',#2739,#2211,#2212);
#1899=AXIS2_PLACEMENT_3D('',#2741,#2214,#2215);
#1900=AXIS2_PLACEMENT_3D('',#2742,#2216,#2217);
#1901=AXIS2_PLACEMENT_3D('',#2748,#2221,#2222);
#1902=AXIS2_PLACEMENT_3D('',#2752,#2225,#2226);
#1903=AXIS2_PLACEMENT_3D('',#2756,#2229,#2230);
#1904=AXIS2_PLACEMENT_3D('',#2762,#2234,#2235);
#1905=AXIS2_PLACEMENT_3D('',#2766,#2238,#2239);
#1906=AXIS2_PLACEMENT_3D('',#2770,#2242,#2243);
#1907=AXIS2_PLACEMENT_3D('',#2776,#2247,#2248);
#1908=AXIS2_PLACEMENT_3D('',#2780,#2251,#2252);
#1909=AXIS2_PLACEMENT_3D('',#2784,#2255,#2256);
#1910=AXIS2_PLACEMENT_3D('',#2790,#2260,#2261);
#1911=AXIS2_PLACEMENT_3D('',#2794,#2264,#2265);
#1912=AXIS2_PLACEMENT_3D('',#2798,#2268,#2269);
#1913=AXIS2_PLACEMENT_3D('',#2804,#2273,#2274);
#1914=AXIS2_PLACEMENT_3D('',#2808,#2277,#2278);
#1915=AXIS2_PLACEMENT_3D('',#2812,#2281,#2282);
#1916=AXIS2_PLACEMENT_3D('',#2818,#2286,#2287);
#1917=AXIS2_PLACEMENT_3D('',#2822,#2290,#2291);
#1918=AXIS2_PLACEMENT_3D('',#2826,#2294,#2295);
#1919=AXIS2_PLACEMENT_3D('',#2832,#2299,#2300);
#1920=AXIS2_PLACEMENT_3D('',#2836,#2303,#2304);
#1921=AXIS2_PLACEMENT_3D('',#2840,#2307,#2308);
#1922=AXIS2_PLACEMENT_3D('',#2846,#2312,#2313);
#1923=AXIS2_PLACEMENT_3D('',#2850,#2316,#2317);
#1924=AXIS2_PLACEMENT_3D('',#2854,#2320,#2321);
#1925=AXIS2_PLACEMENT_3D('',#2856,#2323,#2324);
#1926=AXIS2_PLACEMENT_3D('',#2858,#2326,#2327);
#1927=AXIS2_PLACEMENT_3D('',#2860,#2329,#2330);
#1928=AXIS2_PLACEMENT_3D('',#2862,#2332,#2333);
#1929=AXIS2_PLACEMENT_3D('',#2864,#2335,#2336);
#1930=AXIS2_PLACEMENT_3D('',#2866,#2338,#2339);
#1931=AXIS2_PLACEMENT_3D('',#2868,#2341,#2342);
#1932=AXIS2_PLACEMENT_3D('',#2870,#2344,#2345);
#1933=AXIS2_PLACEMENT_3D('',#2871,#2346,#2347);
#1934=AXIS2_PLACEMENT_3D('',#2872,#2348,#2349);
#1935=AXIS2_PLACEMENT_3D('',#2874,#2350,#2351);
#1936=AXIS2_PLACEMENT_3D('',#2875,#2352,#2353);
#1937=AXIS2_PLACEMENT_3D('',#2877,#2354,#2355);
#1938=AXIS2_PLACEMENT_3D('',#2878,#2356,#2357);
#1939=AXIS2_PLACEMENT_3D('',#2879,#2358,#2359);
#1940=AXIS2_PLACEMENT_3D('',#2881,#2360,#2361);
#1941=AXIS2_PLACEMENT_3D('',#2882,#2362,#2363);
#1942=AXIS2_PLACEMENT_3D('',#2884,#2364,#2365);
#1943=AXIS2_PLACEMENT_3D('',#2885,#2366,#2367);
#1944=AXIS2_PLACEMENT_3D('',#2886,#2368,#2369);
#1945=AXIS2_PLACEMENT_3D('',#2888,#2370,#2371);
#1946=AXIS2_PLACEMENT_3D('',#2889,#2372,#2373);
#1947=AXIS2_PLACEMENT_3D('',#2891,#2374,#2375);
#1948=AXIS2_PLACEMENT_3D('',#2892,#2376,#2377);
#1949=AXIS2_PLACEMENT_3D('',#2893,#2378,#2379);
#1950=AXIS2_PLACEMENT_3D('',#2895,#2380,#2381);
#1951=AXIS2_PLACEMENT_3D('',#2896,#2382,#2383);
#1952=AXIS2_PLACEMENT_3D('',#2898,#2384,#2385);
#1953=AXIS2_PLACEMENT_3D('',#2899,#2386,#2387);
#1954=AXIS2_PLACEMENT_3D('',#2905,#2388,#2389);
#1955=AXIS2_PLACEMENT_3D('',#2911,#2390,#2391);
#1956=AXIS2_PLACEMENT_3D('',#2917,#2392,#2393);
#1957=AXIS2_PLACEMENT_3D('',#2923,#2394,#2395);
#1958=AXIS2_PLACEMENT_3D('',#2964,#2396,#2397);
#1959=AXIS2_PLACEMENT_3D('',#2969,#2398,#2399);
#1960=AXIS2_PLACEMENT_3D('',#3006,#2400,#2401);
#1961=DIRECTION('',(0.,0.,1.));
#1962=DIRECTION('',(1.,0.,0.));
#1963=DIRECTION('',(0.000146548765517826,0.70710676600034,-0.707106781186548));
#1964=DIRECTION('',(-0.999999978523459,0.000207251251744345,0.));
#1965=DIRECTION('',(0.99999998926173,-0.000103625625872172,0.000103625625872172));
#1966=DIRECTION('',(0.000146548765517371,0.70710676600034,0.707106781186548));
#1967=DIRECTION('',(-0.999999978523459,0.000207251251744345,0.));
#1968=DIRECTION('',(0.,0.707106781186548,0.707106781186547));
#1969=DIRECTION('',(0.,-0.707106781186547,0.707106781186548));
#1970=DIRECTION('',(-1.,0.,0.));
#1971=DIRECTION('',(-1.,0.,0.));
#1972=DIRECTION('',(-1.,0.,0.));
#1973=DIRECTION('',(-0.577350269189626,-0.577350269189626,-0.577350269189626));
#1974=DIRECTION('',(1.,-4.68107884344096E-18,-4.68107884344095E-18));
#1975=DIRECTION('',(0.577350269189626,0.577350269189626,0.577350269189626));
#1976=DIRECTION('',(0.,1.,0.));
#1977=DIRECTION('',(0.,0.,1.));
#1978=DIRECTION('',(-1.,4.59548588731181E-17,0.));
#1979=DIRECTION('',(0.,0.,-1.));
#1980=DIRECTION('',(0.,0.,-1.));
#1981=DIRECTION('',(-1.,0.,0.));
#1982=DIRECTION('',(0.,0.,1.));
#1983=DIRECTION('',(0.,-1.,0.));
#1984=DIRECTION('',(0.,0.,-1.));
#1985=DIRECTION('',(0.,1.,0.));
#1986=DIRECTION('',(-1.,0.,0.));
#1987=DIRECTION('',(0.,0.,1.));
#1988=DIRECTION('',(0.,0.,-1.));
#1989=DIRECTION('',(0.,1.,0.));
#1990=DIRECTION('',(0.,0.,-1.));
#1991=DIRECTION('',(0.,-1.,0.));
#1992=DIRECTION('',(0.,1.,0.));
#1993=DIRECTION('',(0.,0.,1.));
#1994=DIRECTION('',(1.,-7.15507248713369E-16,0.));
#1995=DIRECTION('',(0.,0.,-1.));
#1996=DIRECTION('',(-1.,0.,0.));
#1997=DIRECTION('',(-0.002533362783468,-0.999996791031355,0.));
#1998=DIRECTION('',(0.999996791031355,-0.002533362783468,0.));
#1999=DIRECTION('',(-0.999996791031355,0.002533362783468,0.));
#2000=DIRECTION('',(0.,0.,-1.));
#2001=DIRECTION('',(-0.999996791031355,0.002533362783468,0.));
#2002=DIRECTION('',(0.,1.,0.));
#2003=DIRECTION('',(0.,0.,1.));
#2004=DIRECTION('',(1.,0.,0.));
#2005=DIRECTION('',(0.,0.,-1.));
#2006=DIRECTION('',(-1.,0.,0.));
#2007=DIRECTION('',(-0.000207251251744344,-0.999999978523459,0.));
#2008=DIRECTION('',(0.999999978523459,-0.000207251251744345,0.));
#2009=DIRECTION('',(-0.999999978523459,0.000207251251744345,0.));
#2010=DIRECTION('',(0.,-1.,0.));
#2011=DIRECTION('',(0.,0.,-1.));
#2012=DIRECTION('',(-1.,0.,0.));
#2013=DIRECTION('',(0.,0.,-1.));
#2014=DIRECTION('',(1.,0.,0.));
#2015=DIRECTION('',(0.00323622900775668,0.999994763397194,0.));
#2016=DIRECTION('',(-0.999994763397194,0.00323622900775668,0.));
#2017=DIRECTION('',(0.999994763397194,-0.00323622900775666,0.));
#2018=DIRECTION('',(0.,0.,-1.));
#2019=DIRECTION('',(0.999994763397194,-0.00323622900775668,0.));
#2020=DIRECTION('',(0.,-1.,0.));
#2021=DIRECTION('',(0.,0.,-1.));
#2022=DIRECTION('',(-1.,0.,0.));
#2023=DIRECTION('',(0.,0.,-1.));
#2024=DIRECTION('',(1.,0.,0.));
#2025=DIRECTION('',(-0.00324673613421418,0.999994729338347,0.));
#2026=DIRECTION('',(-0.999994729338348,-0.00324673613421418,0.));
#2027=DIRECTION('',(0.999994729338347,0.00324673613421418,0.));
#2028=DIRECTION('',(0.,0.,-1.));
#2029=DIRECTION('',(0.999994729338348,0.00324673613421418,0.));
#2030=DIRECTION('',(0.,-1.,0.));
#2031=DIRECTION('',(0.,0.,-1.));
#2032=DIRECTION('',(-1.,0.,0.));
#2033=DIRECTION('',(0.,0.,-1.));
#2034=DIRECTION('',(1.,0.,0.));
#2035=DIRECTION('',(0.00326795640593406,0.999994660216208,0.));
#2036=DIRECTION('',(-0.999994660216208,0.00326795640593406,0.));
#2037=DIRECTION('',(0.999994660216208,-0.00326795640593407,0.));
#2038=DIRECTION('',(0.,0.,-1.));
#2039=DIRECTION('',(0.999994660216208,-0.00326795640593406,0.));
#2040=DIRECTION('',(-1.,0.,0.));
#2041=DIRECTION('',(0.,0.,1.));
#2042=DIRECTION('',(0.,0.,-1.));
#2043=DIRECTION('',(0.,1.,0.));
#2044=DIRECTION('',(0.,0.,-1.));
#2045=DIRECTION('',(0.,1.,0.));
#2046=DIRECTION('',(0.,1.,0.));
#2047=DIRECTION('',(0.,0.,1.));
#2048=DIRECTION('',(0.,0.,-1.));
#2049=DIRECTION('',(1.,0.,0.));
#2050=DIRECTION('',(1.,0.,0.));
#2051=DIRECTION('',(-1.,0.,0.));
#2052=DIRECTION('',(0.,0.,1.));
#2053=DIRECTION('',(0.,0.,-1.));
#2054=DIRECTION('',(0.,-1.,0.));
#2055=DIRECTION('',(0.,1.,0.));
#2056=DIRECTION('',(1.,0.,0.));
#2057=DIRECTION('',(0.,0.,-1.));
#2058=DIRECTION('',(0.,0.,-1.));
#2059=DIRECTION('',(0.,-0.999390827019096,-0.0348994967025009));
#2060=DIRECTION('',(0.,0.,-1.));
#2061=DIRECTION('',(0.,-1.,0.));
#2062=DIRECTION('',(-1.29367480554632E-16,1.,0.));
#2063=DIRECTION('',(-1.,-1.29367480554632E-16,0.));
#2064=DIRECTION('',(0.,0.,-1.));
#2065=DIRECTION('',(1.,1.29367480554632E-16,0.));
#2066=DIRECTION('',(0.,0.,-1.));
#2067=DIRECTION('',(1.,1.29367480554632E-16,0.));
#2068=DIRECTION('',(-1.,0.,0.));
#2069=DIRECTION('',(0.,0.,1.));
#2070=DIRECTION('',(0.,0.,-1.));
#2071=DIRECTION('',(0.,0.999390827019096,0.0348994967025009));
#2072=DIRECTION('',(0.,0.,-1.));
#2073=DIRECTION('',(0.,1.,0.));
#2074=DIRECTION('',(0.,1.,0.));
#2075=DIRECTION('',(0.,0.,1.));
#2076=DIRECTION('',(-1.,0.,0.));
#2077=DIRECTION('',(1.,0.,0.));
#2078=DIRECTION('',(-1.29367480554632E-16,1.,0.));
#2079=DIRECTION('',(-1.,-1.29367480554632E-16,0.));
#2080=DIRECTION('',(0.,0.,-1.));
#2081=DIRECTION('',(-1.,-1.29367480554632E-16,0.));
#2082=DIRECTION('',(0.,0.,-1.));
#2083=DIRECTION('',(1.,1.29367480554632E-16,0.));
#2084=DIRECTION('',(0.,-1.,0.));
#2085=DIRECTION('',(0.,0.,-1.));
#2086=DIRECTION('',(-1.,0.,0.));
#2087=DIRECTION('',(1.,0.,0.));
#2088=DIRECTION('',(4.51485996102723E-18,-0.0348994967025009,0.999390827019096));
#2089=DIRECTION('',(1.2928867338087E-16,-0.999390827019096,-0.0348994967025009));
#2090=DIRECTION('',(-1.,-1.29367480554632E-16,6.78528065044873E-34));
#2091=DIRECTION('',(0.,-0.999390827019096,-0.0348994967025009));
#2092=DIRECTION('',(1.,1.29367480554632E-16,1.10720411723444E-37));
#2093=DIRECTION('',(0.,0.999390827019096,0.0348994967025009));
#2094=DIRECTION('',(4.51485996102723E-18,-0.0348994967025009,0.999390827019096));
#2095=DIRECTION('',(1.2928867338087E-16,-0.999390827019096,-0.0348994967025009));
#2096=DIRECTION('',(4.51485996102723E-18,-0.0348994967025009,0.999390827019096));
#2097=DIRECTION('',(1.2928867338087E-16,-0.999390827019096,-0.0348994967025009));
#2098=DIRECTION('',(4.51485996102723E-18,-0.0348994967025009,0.999390827019096));
#2099=DIRECTION('',(1.2928867338087E-16,-0.999390827019096,-0.0348994967025009));
#2100=DIRECTION('',(4.51485996102723E-18,-0.0348994967025009,0.999390827019096));
#2101=DIRECTION('',(1.2928867338087E-16,-0.999390827019096,-0.0348994967025009));
#2102=DIRECTION('',(-0.999996550399824,0.00262503055493782,9.16680869177829E-5));
#2103=DIRECTION('',(-0.0348782627423746,0.998782765958718,0.0348782627423746));
#2104=DIRECTION('',(1.,-4.68107884344095E-18,-4.68107884344095E-18));
#2105=DIRECTION('',(0.0348782627423746,0.998782765958718,0.0348782627423746));
#2106=DIRECTION('',(0.0348782627423747,0.998782765958718,0.0348782627423746));
#2107=DIRECTION('',(-1.,-4.36517664090853E-18,4.36517664090852E-18));
#2108=DIRECTION('',(0.999995104863802,-0.00312703120508888,-0.000109198335906415));
#2109=DIRECTION('',(-1.,-4.36517664090853E-18,4.36517664090852E-18));
#2110=DIRECTION('',(0.999995073025848,0.00313718380031933,0.000109552872344192));
#2111=DIRECTION('',(-1.,-4.36517664090853E-18,4.36517664090852E-18));
#2112=DIRECTION('',(0.999995008410991,-0.00315768805820294,-0.000110268896807354));
#2113=DIRECTION('',(-1.,-4.36517664090853E-18,4.36517664090852E-18));
#2114=DIRECTION('',(-0.0348782627423747,0.998782765958718,0.0348782627423746));
#2115=DIRECTION('',(1.,-4.68107884344096E-18,-4.68107884344095E-18));
#2116=DIRECTION('',(0.,0.,1.));
#2117=DIRECTION('',(1.,0.,0.));
#2118=DIRECTION('',(0.,0.,1.));
#2119=DIRECTION('',(1.,0.,0.));
#2120=DIRECTION('',(0.,0.,1.));
#2121=DIRECTION('',(1.,0.,0.));
#2122=DIRECTION('',(0.,0.,1.));
#2123=DIRECTION('',(1.,0.,0.));
#2124=DIRECTION('',(0.,0.,1.));
#2125=DIRECTION('',(1.,0.,0.));
#2126=DIRECTION('',(0.,0.,1.));
#2127=DIRECTION('',(1.,0.,0.));
#2128=DIRECTION('',(0.,0.,1.));
#2129=DIRECTION('',(1.,0.,0.));
#2130=DIRECTION('',(0.,0.,1.));
#2131=DIRECTION('',(1.,0.,0.));
#2132=DIRECTION('',(0.,0.,1.));
#2133=DIRECTION('',(1.,0.,0.));
#2134=DIRECTION('',(0.,1.,0.));
#2135=DIRECTION('',(-1.,0.,0.));
#2136=DIRECTION('',(0.,-1.,0.));
#2137=DIRECTION('',(1.,2.3897255148087E-15,0.));
#2138=DIRECTION('',(1.,0.,0.));
#2139=DIRECTION('',(0.,1.,0.));
#2140=DIRECTION('',(-1.,-2.38972551480838E-15,0.));
#2141=DIRECTION('',(0.,-1.,0.));
#2142=DIRECTION('',(1.,0.,0.));
#2143=DIRECTION('',(0.,1.,0.));
#2144=DIRECTION('',(-1.,0.,0.));
#2145=DIRECTION('',(0.,-1.,0.));
#2146=DIRECTION('',(1.,0.,0.));
#2147=DIRECTION('',(0.,1.,0.));
#2148=DIRECTION('',(-1.,0.,0.));
#2149=DIRECTION('',(0.,-1.,0.));
#2150=DIRECTION('',(-1.,0.,0.));
#2151=DIRECTION('',(0.,-1.,0.));
#2152=DIRECTION('',(1.,0.,0.));
#2153=DIRECTION('',(0.,1.,0.));
#2154=DIRECTION('',(-1.,0.,0.));
#2155=DIRECTION('',(0.,-1.,0.));
#2156=DIRECTION('',(1.,0.,0.));
#2157=DIRECTION('',(0.,1.,0.));
#2158=DIRECTION('',(0.,-1.,0.));
#2159=DIRECTION('',(1.,0.,0.));
#2160=DIRECTION('',(0.,1.,0.));
#2161=DIRECTION('',(-1.,0.,0.));
#2162=DIRECTION('',(1.,0.,0.));
#2163=DIRECTION('',(0.,-1.,0.));
#2164=DIRECTION('',(-1.,0.,0.));
#2165=DIRECTION('',(0.,-1.,0.));
#2166=DIRECTION('',(0.,0.707106781186547,0.707106781186548));
#2167=DIRECTION('',(1.,0.,0.));
#2168=DIRECTION('',(-0.577350269189626,0.577350269189626,-0.577350269189626));
#2169=DIRECTION('',(0.00228835348527982,0.707104929779989,-0.707104929779989));
#2170=DIRECTION('',(-0.00228835947685736,-0.707103078349192,-0.707106781186548));
#2171=DIRECTION('',(0.999994763397194,-0.00323622900775668,0.));
#2172=DIRECTION('',(1.19831988484296E-8,0.707108632588258,-0.70710492977999));
#2173=DIRECTION('',(0.707106781186547,0.,-0.707106781186548));
#2174=DIRECTION('',(0.,1.,0.));
#2175=DIRECTION('',(0.,0.707106781186547,0.707106781186548));
#2176=DIRECTION('',(1.,0.,0.));
#2177=DIRECTION('',(-0.00229578308710245,0.707104917738527,-0.707104917738526));
#2178=DIRECTION('',(0.00229578913722625,-0.707103054265952,-0.707106781186547));
#2179=DIRECTION('',(0.999994729338348,0.00324673613421418,0.));
#2180=DIRECTION('',(-1.21002953406922E-8,0.707108644629658,-0.707104917738526));
#2181=DIRECTION('',(0.,0.707106781186547,0.707106781186548));
#2182=DIRECTION('',(1.,0.,0.));
#2183=DIRECTION('',(0.0023107879657292,0.707104893300484,-0.707104893300484));
#2184=DIRECTION('',(0.,-0.707106781186547,0.707106781186548));
#2185=DIRECTION('',(-1.,0.,0.));
#2186=DIRECTION('',(-1.,0.,0.));
#2187=DIRECTION('',(0.,0.707106781186548,0.707106781186547));
#2188=DIRECTION('',(-0.00231079413525801,-0.707103005389222,-0.707106781186544));
#2189=DIRECTION('',(0.999994660216208,-0.00326795640593406,0.));
#2190=DIRECTION('',(1.23391078011308E-8,0.707108669067565,-0.707104893300489));
#2191=DIRECTION('',(0.00179135800339586,0.707104512103058,-0.707106781186547));
#2192=DIRECTION('',(-0.999996791031355,0.002533362783468,0.));
#2193=DIRECTION('',(-0.999998395516965,0.00126668139173563,-0.00126668139173563));
#2194=DIRECTION('',(-0.57686210485878,0.578325361674374,0.57686210485878));
#2195=DIRECTION('',(0.00179135800339652,0.707104512103058,0.707106781186548));
#2196=DIRECTION('',(0.,0.707106781186547,0.707106781186548));
#2197=DIRECTION('',(1.,0.,0.));
#2198=DIRECTION('',(-0.577350269189626,-0.577350269189626,0.577350269189626));
#2199=DIRECTION('',(0.,-0.707106781186547,0.707106781186548));
#2200=DIRECTION('',(-1.,0.,0.));
#2201=DIRECTION('',(0.577350269189626,-0.577350269189626,-0.577350269189626));
#2202=DIRECTION('',(0.707106781186547,0.,0.707106781186548));
#2203=DIRECTION('',(0.,-1.,0.));
#2204=DIRECTION('',(0.,-0.707106781186548,-0.707106781186548));
#2205=DIRECTION('',(1.,0.,0.));
#2206=DIRECTION('',(-0.577350269189626,0.577350269189626,-0.577350269189626));
#2207=DIRECTION('',(-0.577350269189626,-0.577350269189626,0.577350269189626));
#2208=DIRECTION('',(0.707106781186548,0.,0.707106781186548));
#2209=DIRECTION('',(0.,-1.,0.));
#2210=DIRECTION('',(-0.577350269189626,0.577350269189626,0.577350269189626));
#2211=DIRECTION('',(0.707106781186548,0.,-0.707106781186548));
#2212=DIRECTION('',(0.,1.,0.));
#2213=DIRECTION('',(0.577350269189626,0.577350269189626,0.577350269189626));
#2214=DIRECTION('',(0.,-0.707106781186548,0.707106781186548));
#2215=DIRECTION('',(-1.,0.,0.));
#2216=DIRECTION('',(0.,1.,0.));
#2217=DIRECTION('',(0.,0.,1.));
#2218=DIRECTION('',(0.,0.,-1.));
#2219=DIRECTION('',(1.,0.,0.));
#2220=DIRECTION('',(0.,0.,-1.));
#2221=DIRECTION('',(1.,0.,0.));
#2222=DIRECTION('',(0.,0.,-1.));
#2223=DIRECTION('',(0.,0.,-1.));
#2224=DIRECTION('',(0.,-1.,0.));
#2225=DIRECTION('',(0.,-1.,0.));
#2226=DIRECTION('',(0.,0.,-1.));
#2227=DIRECTION('',(0.,0.,-1.));
#2228=DIRECTION('',(-1.,0.,0.));
#2229=DIRECTION('',(1.,0.,0.));
#2230=DIRECTION('',(0.,0.,-1.));
#2231=DIRECTION('',(0.,0.,-1.));
#2232=DIRECTION('',(0.,-1.,0.));
#2233=DIRECTION('',(0.,0.,-1.));
#2234=DIRECTION('',(0.,-1.,0.));
#2235=DIRECTION('',(0.,0.,-1.));
#2236=DIRECTION('',(0.,0.,-1.));
#2237=DIRECTION('',(-1.,0.,0.));
#2238=DIRECTION('',(-1.,0.,0.));
#2239=DIRECTION('',(0.,0.,1.));
#2240=DIRECTION('',(0.,0.,-1.));
#2241=DIRECTION('',(0.,1.,0.));
#2242=DIRECTION('',(0.,-1.,0.));
#2243=DIRECTION('',(0.,0.,-1.));
#2244=DIRECTION('',(0.,0.,-1.));
#2245=DIRECTION('',(-1.,0.,0.));
#2246=DIRECTION('',(0.,0.,-1.));
#2247=DIRECTION('',(-1.,0.,0.));
#2248=DIRECTION('',(0.,0.,1.));
#2249=DIRECTION('',(0.,0.,-1.));
#2250=DIRECTION('',(0.,1.,0.));
#2251=DIRECTION('',(0.,1.,0.));
#2252=DIRECTION('',(0.,0.,1.));
#2253=DIRECTION('',(0.,0.,-1.));
#2254=DIRECTION('',(1.,0.,0.));
#2255=DIRECTION('',(0.,-1.,0.));
#2256=DIRECTION('',(0.,0.,-1.));
#2257=DIRECTION('',(0.,0.,-1.));
#2258=DIRECTION('',(-1.,0.,0.));
#2259=DIRECTION('',(0.,0.,-1.));
#2260=DIRECTION('',(-1.,0.,0.));
#2261=DIRECTION('',(0.,0.,1.));
#2262=DIRECTION('',(0.,0.,-1.));
#2263=DIRECTION('',(0.,1.,0.));
#2264=DIRECTION('',(0.,1.,0.));
#2265=DIRECTION('',(0.,0.,1.));
#2266=DIRECTION('',(0.,0.,-1.));
#2267=DIRECTION('',(1.,0.,0.));
#2268=DIRECTION('',(0.,1.,0.));
#2269=DIRECTION('',(0.,0.,1.));
#2270=DIRECTION('',(0.,0.,-1.));
#2271=DIRECTION('',(1.,0.,0.));
#2272=DIRECTION('',(0.,0.,-1.));
#2273=DIRECTION('',(1.,0.,0.));
#2274=DIRECTION('',(0.,0.,-1.));
#2275=DIRECTION('',(0.,0.,-1.));
#2276=DIRECTION('',(0.,-1.,0.));
#2277=DIRECTION('',(0.,-1.,0.));
#2278=DIRECTION('',(0.,0.,-1.));
#2279=DIRECTION('',(0.,0.,-1.));
#2280=DIRECTION('',(-1.,0.,0.));
#2281=DIRECTION('',(0.,1.,0.));
#2282=DIRECTION('',(0.,0.,1.));
#2283=DIRECTION('',(0.,0.,-1.));
#2284=DIRECTION('',(1.,0.,0.));
#2285=DIRECTION('',(0.,0.,-1.));
#2286=DIRECTION('',(1.,0.,0.));
#2287=DIRECTION('',(0.,0.,-1.));
#2288=DIRECTION('',(0.,0.,-1.));
#2289=DIRECTION('',(0.,-1.,0.));
#2290=DIRECTION('',(0.,-1.,0.));
#2291=DIRECTION('',(0.,0.,-1.));
#2292=DIRECTION('',(0.,0.,-1.));
#2293=DIRECTION('',(-1.,0.,0.));
#2294=DIRECTION('',(0.,1.,0.));
#2295=DIRECTION('',(0.,0.,1.));
#2296=DIRECTION('',(0.,0.,-1.));
#2297=DIRECTION('',(1.,0.,0.));
#2298=DIRECTION('',(0.,0.,-1.));
#2299=DIRECTION('',(1.,0.,0.));
#2300=DIRECTION('',(0.,0.,-1.));
#2301=DIRECTION('',(0.,0.,-1.));
#2302=DIRECTION('',(0.,-1.,0.));
#2303=DIRECTION('',(2.38972551480838E-15,-1.,0.));
#2304=DIRECTION('',(1.,2.38972551480838E-15,0.));
#2305=DIRECTION('',(0.,0.,-1.));
#2306=DIRECTION('',(-1.,-2.38972551480838E-15,0.));
#2307=DIRECTION('',(-1.,0.,0.));
#2308=DIRECTION('',(0.,0.,1.));
#2309=DIRECTION('',(0.,0.,-1.));
#2310=DIRECTION('',(0.,1.,0.));
#2311=DIRECTION('',(0.,0.,-1.));
#2312=DIRECTION('',(-2.3897255148087E-15,1.,0.));
#2313=DIRECTION('',(-1.,-2.3897255148087E-15,0.));
#2314=DIRECTION('',(0.,0.,-1.));
#2315=DIRECTION('',(1.,2.3897255148087E-15,0.));
#2316=DIRECTION('',(1.,0.,0.));
#2317=DIRECTION('',(0.,0.,-1.));
#2318=DIRECTION('',(0.,0.,-1.));
#2319=DIRECTION('',(0.,-1.,0.));
#2320=DIRECTION('',(0.,1.,0.));
#2321=DIRECTION('',(0.,0.,1.));
#2322=DIRECTION('',(1.,0.,0.));
#2323=DIRECTION('',(1.,0.,0.));
#2324=DIRECTION('',(0.,0.,-1.));
#2325=DIRECTION('',(0.,-1.,0.));
#2326=DIRECTION('',(1.,0.,0.));
#2327=DIRECTION('',(0.,0.,-1.));
#2328=DIRECTION('',(0.,-1.,0.));
#2329=DIRECTION('',(-1.,0.,0.));
#2330=DIRECTION('',(0.,0.,1.));
#2331=DIRECTION('',(0.,1.,0.));
#2332=DIRECTION('',(-1.,0.,0.));
#2333=DIRECTION('',(0.,0.,1.));
#2334=DIRECTION('',(0.,1.,0.));
#2335=DIRECTION('',(-1.,0.,0.));
#2336=DIRECTION('',(0.,0.,1.));
#2337=DIRECTION('',(0.,1.,0.));
#2338=DIRECTION('',(0.,-1.,0.));
#2339=DIRECTION('',(0.,0.,-1.));
#2340=DIRECTION('',(-1.,0.,0.));
#2341=DIRECTION('',(1.,0.,0.));
#2342=DIRECTION('',(0.,0.,-1.));
#2343=DIRECTION('',(0.,-1.,0.));
#2344=DIRECTION('',(0.,0.,1.));
#2345=DIRECTION('',(1.,0.,0.));
#2346=DIRECTION('',(0.,0.,-1.));
#2347=DIRECTION('',(-1.,0.,0.));
#2348=DIRECTION('',(0.,0.,-1.));
#2349=DIRECTION('',(-1.,0.,0.));
#2350=DIRECTION('',(0.,0.,1.));
#2351=DIRECTION('',(1.,0.,0.));
#2352=DIRECTION('',(0.,0.,-1.));
#2353=DIRECTION('',(-1.,0.,0.));
#2354=DIRECTION('',(0.,0.,-1.));
#2355=DIRECTION('',(-1.,0.,0.));
#2356=DIRECTION('',(0.,0.,-1.));
#2357=DIRECTION('',(-1.,0.,0.));
#2358=DIRECTION('',(0.,0.,-1.));
#2359=DIRECTION('',(-1.,0.,0.));
#2360=DIRECTION('',(0.,0.,1.));
#2361=DIRECTION('',(1.,0.,0.));
#2362=DIRECTION('',(0.,0.,-1.));
#2363=DIRECTION('',(-1.,0.,0.));
#2364=DIRECTION('',(0.,0.,-1.));
#2365=DIRECTION('',(-1.,0.,0.));
#2366=DIRECTION('',(0.,0.,-1.));
#2367=DIRECTION('',(-1.,0.,0.));
#2368=DIRECTION('',(0.,0.,-1.));
#2369=DIRECTION('',(-1.,0.,0.));
#2370=DIRECTION('',(0.,0.,1.));
#2371=DIRECTION('',(1.,0.,0.));
#2372=DIRECTION('',(0.,0.,-1.));
#2373=DIRECTION('',(-1.,0.,0.));
#2374=DIRECTION('',(0.,0.,-1.));
#2375=DIRECTION('',(-1.,0.,0.));
#2376=DIRECTION('',(0.,0.,-1.));
#2377=DIRECTION('',(-1.,0.,0.));
#2378=DIRECTION('',(0.,0.,-1.));
#2379=DIRECTION('',(-1.,0.,0.));
#2380=DIRECTION('',(0.,0.,1.));
#2381=DIRECTION('',(1.,0.,0.));
#2382=DIRECTION('',(0.,0.,-1.));
#2383=DIRECTION('',(-1.,0.,0.));
#2384=DIRECTION('',(0.,0.,-1.));
#2385=DIRECTION('',(-1.,0.,0.));
#2386=DIRECTION('',(0.,0.,-1.));
#2387=DIRECTION('',(-1.,0.,0.));
#2388=DIRECTION('',(0.,0.,-1.));
#2389=DIRECTION('',(-1.,0.,0.));
#2390=DIRECTION('',(0.,0.,1.));
#2391=DIRECTION('',(1.,0.,0.));
#2392=DIRECTION('',(0.,0.,1.));
#2393=DIRECTION('',(1.,0.,0.));
#2394=DIRECTION('',(9.30591776324834E-17,-0.719339800338652,0.694658370458996));
#2395=DIRECTION('',(-1.,-1.29367480554632E-16,0.));
#2396=DIRECTION('',(0.707106781186549,0.024677670778336,-0.706676030840833));
#2397=DIRECTION('',(0.,0.999390827019096,0.0348994967025009));
#2398=DIRECTION('',(-0.707106781186548,0.024677670778336,-0.706676030840834));
#2399=DIRECTION('',(0.,-0.999390827019096,-0.0348994967025009));
#2400=DIRECTION('',(8.98662032324665E-17,-0.694658370458997,-0.719339800338651));
#2401=DIRECTION('',(1.,1.29367480554632E-16,0.));
#2402=CARTESIAN_POINT('',(0.,0.,0.));
#2403=CARTESIAN_POINT('',(-0.00418835640586654,0.000300886437007921,0.0025));
#2404=CARTESIAN_POINT('',(-0.00481812626314312,0.00199000296544173,0.0041889859715662));
#2405=CARTESIAN_POINT('',(-0.00572478838088381,0.00199009692794003,0.00418889200906789));
#2406=CARTESIAN_POINT('',(-0.00265157440586445,0.00198977843700793,0.00418921050000001));
#2407=CARTESIAN_POINT('',(-0.00572513840586863,0.00030120493700792,0.0025));
#2408=CARTESIAN_POINT('',(-0.00572513840586863,0.00030120493700792,0.0025));
#2409=CARTESIAN_POINT('',(-0.00418835640586654,0.000300886437007921,0.0025));
#2410=CARTESIAN_POINT('',(-0.00265157440586445,0.000300567937007924,0.0025));
#2411=CARTESIAN_POINT('',(-0.00265157440586445,0.000300567937007924,0.0025));
#2412=CARTESIAN_POINT('',(-0.00418282803149606,0.000800567937007925,0.003));
#2413=CARTESIAN_POINT('',(-0.00481782803149606,0.00198977843700793,0.00418921050000001));
#2414=CARTESIAN_POINT('',(0.0123713824685039,0.00198977843700793,0.00418921050000001));
#2415=CARTESIAN_POINT('',(-0.00265157440586445,0.000300567937007924,0.0025));
#2416=CARTESIAN_POINT('',(0.0333721719685039,0.000300567937007924,0.0025));
#2417=CARTESIAN_POINT('',(0.0300302421351706,-0.00304136189632541,-0.000841929833333332));
#2418=CARTESIAN_POINT('',(0.0357693923863098,0.00269778835481372,0.0048972204178058));
#2419=CARTESIAN_POINT('',(-0.00418282803149606,0.00269778835481373,0.0048972204178058));
#2420=CARTESIAN_POINT('',(0.0130793923863097,0.00269778835481373,0.0048972204178058));
#2421=CARTESIAN_POINT('',(0.00606050530183727,-0.00432109872965874,-0.00212166666666666));
#2422=CARTESIAN_POINT('',(0.00533337378131975,0.000300567937007924,0.003));
#2423=CARTESIAN_POINT('',(0.023345246968504,0.000300567937007931,0.0015));
#2424=CARTESIAN_POINT('',(0.0333721719685039,0.000300567937007931,0.0015));
#2425=CARTESIAN_POINT('',(-0.00265157440586446,0.000300567937007931,0.0015));
#2426=CARTESIAN_POINT('',(0.0333721719685039,0.000300567937007924,0.003));
#2427=CARTESIAN_POINT('',(-0.00265157440586445,0.000300567937007924,0.003));
#2428=CARTESIAN_POINT('',(0.0333721719685039,-0.00972522156299208,0.003));
#2429=CARTESIAN_POINT('',(0.0333721719685039,-0.028236011062992,0.0015));
#2430=CARTESIAN_POINT('',(0.0333721719685039,-0.036721011062992,0.0015));
#2431=CARTESIAN_POINT('',(0.0333721719685039,-0.0367210110629921,0.003));
#2432=CARTESIAN_POINT('',(0.0333721719685039,-0.0367210110629921,0.0025));
#2433=CARTESIAN_POINT('',(0.0333721719685039,-0.00972522156299208,0.0025));
#2434=CARTESIAN_POINT('',(-0.041737828031496,-0.00817601106299207,0.003));
#2435=CARTESIAN_POINT('',(-0.041737828031496,-0.0367110110629921,0.003));
#2436=CARTESIAN_POINT('',(-0.041737828031496,-0.0367110110629921,0.0025));
#2437=CARTESIAN_POINT('',(-0.041737828031496,-0.0367110110629921,0.0015));
#2438=CARTESIAN_POINT('',(-0.0417378280314961,-0.00817601106299206,0.0015));
#2439=CARTESIAN_POINT('',(-0.0417378280314961,0.000308988937007953,0.0015));
#2440=CARTESIAN_POINT('',(-0.041737828031496,0.00030898893700794,0.003));
#2441=CARTESIAN_POINT('',(-0.041737828031496,0.00030898893700794,0.0025));
#2442=CARTESIAN_POINT('',(-0.041737828031496,-0.0367110110629921,0.0025));
#2443=CARTESIAN_POINT('',(-0.033252194689784,0.00030898893700794,0.003));
#2444=CARTESIAN_POINT('',(-0.033252194689784,0.000308988937007947,0.0015));
#2445=CARTESIAN_POINT('',(-0.0247665613480719,0.000308988937007942,0.0015));
#2446=CARTESIAN_POINT('',(-0.0247665613480719,0.000308988937007938,0.003));
#2447=CARTESIAN_POINT('',(-0.0247665613480719,0.000308988937007938,0.0025));
#2448=CARTESIAN_POINT('',(-0.041737828031496,0.00030898893700794,0.0025));
#2449=CARTESIAN_POINT('',(-0.0232302683480719,0.000305096937007929,0.003));
#2450=CARTESIAN_POINT('',(-0.0232302683480729,0.000305096937007935,0.0015));
#2451=CARTESIAN_POINT('',(-0.0216939753480737,0.000301204937007929,0.0015));
#2452=CARTESIAN_POINT('',(-0.021693975348072,0.000301204937007922,0.003));
#2453=CARTESIAN_POINT('',(-0.021693975348072,0.000301204937007922,0.0025));
#2454=CARTESIAN_POINT('',(-0.0232302683480719,0.000305096937007929,0.0025));
#2455=CARTESIAN_POINT('',(-0.0137095568769703,0.000301204937007922,0.003));
#2456=CARTESIAN_POINT('',(-0.0137095568769712,0.000301204937007929,0.0015));
#2457=CARTESIAN_POINT('',(-0.00572513840586864,0.000301204937007927,0.0015));
#2458=CARTESIAN_POINT('',(-0.00572513840586863,0.00030120493700792,0.003));
#2459=CARTESIAN_POINT('',(-0.021693975348072,0.000301204937007922,0.0025));
#2460=CARTESIAN_POINT('',(-0.00418835640586654,0.000300886437007921,0.003));
#2461=CARTESIAN_POINT('',(-0.00418835640586655,0.000300886437007928,0.0015));
#2462=CARTESIAN_POINT('',(0.0248863629091333,-0.0367210110629921,0.003));
#2463=CARTESIAN_POINT('',(0.0248863629091333,-0.036721011062992,0.0015));
#2464=CARTESIAN_POINT('',(0.0164005538497626,-0.036721011062992,0.0015));
#2465=CARTESIAN_POINT('',(0.0164005538497626,-0.0367210110629921,0.003));
#2466=CARTESIAN_POINT('',(0.0164005538497626,-0.0367210110629921,0.0025));
#2467=CARTESIAN_POINT('',(0.0333721719685039,-0.0367210110629921,0.0025));
#2468=CARTESIAN_POINT('',(0.0148555538497627,-0.0367160110629921,0.003));
#2469=CARTESIAN_POINT('',(0.0148555538497627,-0.036716011062992,0.0015));
#2470=CARTESIAN_POINT('',(0.0133105538497627,-0.0367110110629921,0.0015));
#2471=CARTESIAN_POINT('',(0.0133105538497627,-0.0367110110629921,0.003));
#2472=CARTESIAN_POINT('',(0.0133105538497627,-0.0367110110629921,0.0025));
#2473=CARTESIAN_POINT('',(0.0148555538497627,-0.0367160110629921,0.0025));
#2474=CARTESIAN_POINT('',(0.00532717459530627,-0.0367110110629921,0.003));
#2475=CARTESIAN_POINT('',(0.00532717459530627,-0.0367110110629921,0.0015));
#2476=CARTESIAN_POINT('',(-0.00265620465915014,-0.0367110110629921,0.0015));
#2477=CARTESIAN_POINT('',(-0.00265620465915012,-0.0367110110629921,0.003));
#2478=CARTESIAN_POINT('',(-0.00265620465915012,-0.0367110110629921,0.0025));
#2479=CARTESIAN_POINT('',(0.0133105538497627,-0.0367110110629921,0.0025));
#2480=CARTESIAN_POINT('',(-0.00419620465915011,-0.0367160110629921,0.003));
#2481=CARTESIAN_POINT('',(-0.00419620465915012,-0.036716011062992,0.0015));
#2482=CARTESIAN_POINT('',(-0.0057362046591501,-0.036721011062992,0.0015));
#2483=CARTESIAN_POINT('',(-0.0057362046591501,-0.0367210110629921,0.003));
#2484=CARTESIAN_POINT('',(-0.0057362046591501,-0.0367210110629921,0.0025));
#2485=CARTESIAN_POINT('',(-0.00419620465915011,-0.0367160110629921,0.0025));
#2486=CARTESIAN_POINT('',(-0.0137228333366064,-0.0367210110629921,0.003));
#2487=CARTESIAN_POINT('',(-0.0137228333366064,-0.036721011062992,0.0015));
#2488=CARTESIAN_POINT('',(-0.0217094620140626,-0.036721011062992,0.0015));
#2489=CARTESIAN_POINT('',(-0.0217094620140626,-0.036721011062992,0.003));
#2490=CARTESIAN_POINT('',(-0.0217094620140626,-0.036721011062992,0.0025));
#2491=CARTESIAN_POINT('',(-0.0057362046591501,-0.0367210110629921,0.0025));
#2492=CARTESIAN_POINT('',(-0.0232394620140626,-0.036716011062992,0.003));
#2493=CARTESIAN_POINT('',(-0.0232394620140626,-0.036716011062992,0.0015));
#2494=CARTESIAN_POINT('',(-0.0247694620140626,-0.0367110110629921,0.0015));
#2495=CARTESIAN_POINT('',(-0.0247694620140626,-0.0367110110629921,0.003));
#2496=CARTESIAN_POINT('',(-0.0247694620140626,-0.0367110110629921,0.0025));
#2497=CARTESIAN_POINT('',(-0.0232394620140626,-0.036716011062992,0.0025));
#2498=CARTESIAN_POINT('',(0.0109321719685039,0.0104289889370079,0.003));
#2499=CARTESIAN_POINT('',(0.0109321719685039,0.00342898893700793,0.003));
#2500=CARTESIAN_POINT('',(0.0109321719685039,0.00342898893700793,0.00275));
#2501=CARTESIAN_POINT('',(0.0109321719685039,0.00342898893700793,0.));
#2502=CARTESIAN_POINT('',(0.0109321719685039,0.0104289889370079,0.00275));
#2503=CARTESIAN_POINT('',(0.0109321719685039,0.0174289889370079,0.00275));
#2504=CARTESIAN_POINT('',(0.0109321719685039,0.0174289889370079,0.003));
#2505=CARTESIAN_POINT('',(0.0109321719685039,0.0174289889370079,0.));
#2506=CARTESIAN_POINT('',(0.0109321719685039,0.0104289889370079,0.));
#2507=CARTESIAN_POINT('',(-0.00481782803149606,0.00342898893700793,0.003));
#2508=CARTESIAN_POINT('',(-0.020567828031496,0.00342898893700793,0.003));
#2509=CARTESIAN_POINT('',(-0.020567828031496,0.00342898893700793,0.00275));
#2510=CARTESIAN_POINT('',(-0.020567828031496,0.00342898893700793,0.));
#2511=CARTESIAN_POINT('',(-0.00481782803149606,0.00342898893700793,0.00275));
#2512=CARTESIAN_POINT('',(-0.00481782803149606,0.00342898893700793,0.));
#2513=CARTESIAN_POINT('',(-0.020567828031496,0.0104289889370079,0.003));
#2514=CARTESIAN_POINT('',(-0.020567828031496,0.0174289889370079,0.003));
#2515=CARTESIAN_POINT('',(-0.020567828031496,0.0174289889370079,0.00275));
#2516=CARTESIAN_POINT('',(-0.020567828031496,0.0174289889370079,0.));
#2517=CARTESIAN_POINT('',(-0.020567828031496,0.00342898893700793,0.00275));
#2518=CARTESIAN_POINT('',(-0.020567828031496,0.0104289889370079,0.));
#2519=CARTESIAN_POINT('',(0.0494542519685039,-0.00914649606299209,0.003));
#2520=CARTESIAN_POINT('',(0.0494542519685039,0.0313385039370079,0.003));
#2521=CARTESIAN_POINT('',(0.0494542519685039,0.0313385039370079,0.));
#2522=CARTESIAN_POINT('',(0.0494542519685039,0.0313385039370079,0.00541423754228321));
#2523=CARTESIAN_POINT('',(0.0494542519685039,-0.00918139069924177,0.00399925164186083));
#2524=CARTESIAN_POINT('',(0.0494542519685039,-0.0496314960629921,0.0025867028365364));
#2525=CARTESIAN_POINT('',(0.0494542519685039,-0.0496314960629921,0.));
#2526=CARTESIAN_POINT('',(0.0494542519685039,-0.0496314960629921,0.));
#2527=CARTESIAN_POINT('',(0.0494542519685039,-0.00914649606299209,0.));
#2528=CARTESIAN_POINT('',(-0.00418282803149606,0.0333385039370079,0.003));
#2529=CARTESIAN_POINT('',(-0.0558199080314961,0.0333385039370079,0.003));
#2530=CARTESIAN_POINT('',(-0.0558199080314961,0.0333385039370079,0.));
#2531=CARTESIAN_POINT('',(-0.0558199080314961,0.0333385039370079,0.00546721778371373));
#2532=CARTESIAN_POINT('',(-0.00418282803149606,0.0333385039370079,0.0054672177837138));
#2533=CARTESIAN_POINT('',(0.0474542519685039,0.0333385039370079,0.0054672177837138));
#2534=CARTESIAN_POINT('',(0.0474542519685039,0.0333385039370079,0.003));
#2535=CARTESIAN_POINT('',(0.0474542519685039,0.0333385039370079,0.));
#2536=CARTESIAN_POINT('',(-0.00418282803149606,0.0333385039370079,0.));
#2537=CARTESIAN_POINT('',(-0.0578199080314961,-0.00914649606299211,0.003));
#2538=CARTESIAN_POINT('',(-0.0578199080314961,-0.0496314960629921,0.003));
#2539=CARTESIAN_POINT('',(-0.0578199080314961,-0.0496314960629921,0.));
#2540=CARTESIAN_POINT('',(-0.0578199080314961,-0.0496314960629921,0.0025867028365364));
#2541=CARTESIAN_POINT('',(-0.0578199080314961,-0.00918139069924178,0.00399925164186083));
#2542=CARTESIAN_POINT('',(-0.0578199080314961,0.0313385039370079,0.00541423754228321));
#2543=CARTESIAN_POINT('',(-0.0578199080314961,0.0313385039370079,0.003));
#2544=CARTESIAN_POINT('',(-0.0578199080314961,0.0313385039370079,0.));
#2545=CARTESIAN_POINT('',(-0.0578199080314961,-0.00914649606299211,0.));
#2546=CARTESIAN_POINT('',(-0.00481782803149606,0.0174289889370079,0.003));
#2547=CARTESIAN_POINT('',(-0.020567828031496,0.0174289889370079,0.00275));
#2548=CARTESIAN_POINT('',(-0.00481782803149606,0.0174289889370079,0.));
#2549=CARTESIAN_POINT('',(-0.00418282803149606,-0.0516314960629921,0.003));
#2550=CARTESIAN_POINT('',(0.0474542519685039,-0.0516314960629921,0.003));
#2551=CARTESIAN_POINT('',(0.0474542519685039,-0.0516314960629921,0.));
#2552=CARTESIAN_POINT('',(0.0474542519685039,-0.0516314960629921,0.00253372259510581));
#2553=CARTESIAN_POINT('',(-0.0558199080314961,-0.0516314960629921,0.00253372259510581));
#2554=CARTESIAN_POINT('',(-0.0558199080314961,-0.0516314960629921,0.00253372259510581));
#2555=CARTESIAN_POINT('',(-0.0558199080314961,-0.0516314960629921,0.));
#2556=CARTESIAN_POINT('',(-0.0558199080314961,-0.0516314960629921,0.));
#2557=CARTESIAN_POINT('',(-0.00418282803149606,-0.0516314960629921,0.));
#2558=CARTESIAN_POINT('',(-0.0332536450227793,-0.0367110110629921,0.003));
#2559=CARTESIAN_POINT('',(-0.0332536450227793,-0.0367110110629921,0.0015));
#2560=CARTESIAN_POINT('',(-0.0247694620140626,-0.0367110110629921,0.0025));
#2561=CARTESIAN_POINT('',(-0.00418282803149606,-0.0516314960629921,0.003));
#2562=CARTESIAN_POINT('',(0.0489714075811005,0.0313216529109019,0.00589678779393196));
#2563=CARTESIAN_POINT('',(0.0489730137768844,0.0317180548254916,0.00591063045381743));
#2564=CARTESIAN_POINT('',(0.0486418464580366,0.0325096514491405,0.00593827361704232));
#2565=CARTESIAN_POINT('',(0.0478514652681869,0.032840418006964,0.00594982423976366));
#2566=CARTESIAN_POINT('',(0.047454251968504,0.0328388085234984,0.00594976803536255));
#2567=CARTESIAN_POINT('',(0.0489714075811004,0.0313216529109018,0.00589678779393196));
#2568=CARTESIAN_POINT('',(0.0474542519685039,0.0328388085234983,0.00594976803536255));
#2569=CARTESIAN_POINT('',(-0.00418282803149608,0.0328388085234983,0.00594976803536255));
#2570=CARTESIAN_POINT('',(-0.0558199080314961,0.0328388085234983,0.00594976803536255));
#2571=CARTESIAN_POINT('',(-0.0558199080314961,0.0328388085234983,0.00594976803536255));
#2572=CARTESIAN_POINT('',(-0.056216309946087,0.0328404147192823,0.00594982412495528));
#2573=CARTESIAN_POINT('',(-0.057007906569734,0.032509247400436,0.00593825950735065));
#2574=CARTESIAN_POINT('',(-0.0573386731275582,0.0317188662105822,0.00591065878800915));
#2575=CARTESIAN_POINT('',(-0.0573370636440926,0.0313216529109019,0.00589678779393196));
#2576=CARTESIAN_POINT('',(-0.0573370636440925,0.0313216529109018,0.00589678779393196));
#2577=CARTESIAN_POINT('',(-0.0573370636440925,-0.0516314960629921,0.003));
#2578=CARTESIAN_POINT('',(-0.0573370636440925,-0.0496483470890981,0.00306925308818515));
#2579=CARTESIAN_POINT('',(-0.0573370636440926,-0.0496483470890981,0.00306925308818515));
#2580=CARTESIAN_POINT('',(-0.0573386698398765,-0.0500447490036955,0.00305541042829941));
#2581=CARTESIAN_POINT('',(-0.057007502521024,-0.0508363456273327,0.00302776726507492));
#2582=CARTESIAN_POINT('',(-0.0562171213311886,-0.0511671121851603,0.00301621664235345));
#2583=CARTESIAN_POINT('',(-0.0558199080314961,-0.0511655027016946,0.00301627284675456));
#2584=CARTESIAN_POINT('',(-0.0558199080314961,-0.0511655027016946,0.00301627284675455));
#2585=CARTESIAN_POINT('',(0.0474542519685039,-0.0511655027016946,0.00301627284675455));
#2586=CARTESIAN_POINT('',(0.0474542519685039,-0.0511655027016946,0.00301627284675455));
#2587=CARTESIAN_POINT('',(0.047454251968504,-0.0511655027016946,0.00301627284675456));
#2588=CARTESIAN_POINT('',(0.0478506538830956,-0.0511671088974785,0.00301621675716183));
#2589=CARTESIAN_POINT('',(0.0486422505067415,-0.0508359415786312,0.00302778137476649));
#2590=CARTESIAN_POINT('',(0.0489730170645661,-0.0500455603887802,0.00305538209410789));
#2591=CARTESIAN_POINT('',(0.0489714075811005,-0.0496483470890981,0.00306925308818515));
#2592=CARTESIAN_POINT('',(0.0489714075811004,-0.0496483470890981,0.00306925308818515));
#2593=CARTESIAN_POINT('',(0.0489714075811004,-0.0516314960629921,0.003));
#2594=CARTESIAN_POINT('',(-0.0538199080314961,-0.0476314960629921,0.00313968307796699));
#2595=CARTESIAN_POINT('',(-0.0538199080314961,-0.0506314960629921,0.00303492076949175));
#2596=CARTESIAN_POINT('',(0.0454542519685039,-0.0476314960629921,0.00313968307796699));
#2597=CARTESIAN_POINT('',(0.0454542519685039,-0.0506314960629921,0.00303492076949175));
#2598=CARTESIAN_POINT('',(0.0454542519685039,0.0293385039370079,0.00582753470574681));
#2599=CARTESIAN_POINT('',(0.0454542519685039,0.0263385039370079,0.00572277239727157));
#2600=CARTESIAN_POINT('',(-0.0538199080314961,0.0293385039370079,0.00582753470574681));
#2601=CARTESIAN_POINT('',(-0.0538199080314961,0.0263385039370079,0.00572277239727157));
#2602=CARTESIAN_POINT('',(-0.00404015763487226,0.00265211440453839,0.00489562544831646));
#2603=CARTESIAN_POINT('',(-0.0247604875478499,0.00270650609129792,0.00489752484787205));
#2604=CARTESIAN_POINT('',(-0.0227151653879518,0.00270113703961242,0.00489733735645575));
#2605=CARTESIAN_POINT('',(-0.0207975916669156,-0.0522109897246416,0.00297976363541961));
#2606=CARTESIAN_POINT('',(-0.0233257832268136,0.0201869441323255,0.00550795519531756));
#2607=CARTESIAN_POINT('',(-0.00418282803149606,0.0201869441323254,0.00550795519531755));
#2608=CARTESIAN_POINT('',(0.0136901271638215,0.0201869441323255,0.00550795519531755));
#2609=CARTESIAN_POINT('',(0.0111634805503027,-0.0521667482488198,0.00298130858179876));
#2610=CARTESIAN_POINT('',(0.0338258783193241,-0.0529571727262967,0.00295370635082015));
#2611=CARTESIAN_POINT('',(0.0343584171379737,-0.0377072562324618,0.00348624516946976));
#2612=CARTESIAN_POINT('',(-0.00418282803149606,-0.0377072562324618,0.00348624516946976));
#2613=CARTESIAN_POINT('',(0.0163973621345365,-0.0377072562324618,0.00348624516946976));
#2614=CARTESIAN_POINT('',(-0.00413903211447881,-0.0376430329821401,0.00348848789479026));
#2615=CARTESIAN_POINT('',(0.0133105538330432,-0.0376975986490203,0.00348658241971497));
#2616=CARTESIAN_POINT('',(-0.00418282803149606,-0.0376975936570312,0.00348658259403907));
#2617=CARTESIAN_POINT('',(-0.00265300148579267,-0.0376975936570312,0.00348658259403907));
#2618=CARTESIAN_POINT('',(-0.00422657927627088,-0.0377025252596233,0.00348641037868172));
#2619=CARTESIAN_POINT('',(-0.00573620464227303,-0.0377072612552002,0.00348624499407187));
#2620=CARTESIAN_POINT('',(-0.00418282803149606,-0.0377072562324618,0.00348624516946976));
#2621=CARTESIAN_POINT('',(-0.021712685020282,-0.0377072562324618,0.00348624516946976));
#2622=CARTESIAN_POINT('',(-0.00413898121484342,-0.0377627436954667,0.00348430750456449));
#2623=CARTESIAN_POINT('',(-0.0247694620312787,-0.0376975987473809,0.00348658241628014));
#2624=CARTESIAN_POINT('',(-0.00418282803149606,-0.0376975936570312,0.00348658259403907));
#2625=CARTESIAN_POINT('',(-0.0427244106255351,-0.0376975936570312,0.00348658259403908));
#2626=CARTESIAN_POINT('',(-0.0421915343823163,-0.0529571727262967,0.00295370635082015));
#2627=CARTESIAN_POINT('',(-0.0441353531577554,0.0027065140632673,0.00489752512625936));
#2628=CARTESIAN_POINT('',(-0.00418282803149606,0.00270651406326731,0.00489752512625936));
#2629=CARTESIAN_POINT('',(-0.00418282803149606,-0.0091464960629921,0.));
#2630=CARTESIAN_POINT('',(-0.0538199080314961,-0.0476314960629921,0.));
#2631=CARTESIAN_POINT('',(-0.0521199080314961,-0.0476314960629921,0.));
#2632=CARTESIAN_POINT('',(0.0454542519685039,-0.0476314960629921,0.));
#2633=CARTESIAN_POINT('',(0.0471542519685039,-0.0476314960629921,0.));
#2634=CARTESIAN_POINT('',(0.0454542519685039,0.0293385039370079,0.));
#2635=CARTESIAN_POINT('',(0.0471542519685039,0.0293385039370079,0.));
#2636=CARTESIAN_POINT('',(-0.0538199080314961,0.0293385039370079,0.));
#2637=CARTESIAN_POINT('',(-0.0521199080314961,0.0293385039370079,0.));
#2638=CARTESIAN_POINT('',(0.0474542519685039,0.0313385039370079,0.));
#2639=CARTESIAN_POINT('',(0.0474542519685039,-0.0496314960629921,0.));
#2640=CARTESIAN_POINT('',(-0.0558199080314961,-0.0496314960629921,0.));
#2641=CARTESIAN_POINT('',(-0.0558199080314961,0.0313385039370079,0.));
#2642=CARTESIAN_POINT('',(-0.0407378280314961,-0.027726011062992,0.));
#2643=CARTESIAN_POINT('',(-0.0407378280314961,-0.035711011062992,0.));
#2644=CARTESIAN_POINT('',(-0.0407378280314961,-0.0197410110629921,0.));
#2645=CARTESIAN_POINT('',(-0.0327528280314971,-0.035711011062992,0.));
#2646=CARTESIAN_POINT('',(-0.0247678280314982,-0.035711011062992,0.));
#2647=CARTESIAN_POINT('',(-0.0247678280314982,-0.027726011062992,0.));
#2648=CARTESIAN_POINT('',(-0.0247678280314982,-0.019741011062992,0.));
#2649=CARTESIAN_POINT('',(-0.0327528280314971,-0.0197410110629921,0.));
#2650=CARTESIAN_POINT('',(-0.0327528280314961,-0.000691011062992061,0.));
#2651=CARTESIAN_POINT('',(-0.0407378280314961,-0.000691011062992061,0.));
#2652=CARTESIAN_POINT('',(-0.0247678280314961,-0.000691011062992058,0.));
#2653=CARTESIAN_POINT('',(-0.0407378280314961,-0.00867601106299206,0.));
#2654=CARTESIAN_POINT('',(-0.0407378280314961,-0.0166610110629921,0.));
#2655=CARTESIAN_POINT('',(-0.0327528280314961,-0.0166610110629921,0.));
#2656=CARTESIAN_POINT('',(-0.0247678280314961,-0.0166610110629921,0.));
#2657=CARTESIAN_POINT('',(-0.0247678280314961,-0.00867601106299204,0.));
#2658=CARTESIAN_POINT('',(-0.0137102420314973,-0.000698795062992072,0.));
#2659=CARTESIAN_POINT('',(-0.0216952420314985,-0.000698795062992069,0.));
#2660=CARTESIAN_POINT('',(-0.00572524203149606,-0.000698795062992072,0.));
#2661=CARTESIAN_POINT('',(-0.0216952420314985,-0.00868379506299207,0.));
#2662=CARTESIAN_POINT('',(-0.0216952420314985,-0.0166687950629921,0.));
#2663=CARTESIAN_POINT('',(-0.0137102420314973,-0.0166687950629921,0.));
#2664=CARTESIAN_POINT('',(-0.00572524203149606,-0.0166687950629921,0.));
#2665=CARTESIAN_POINT('',(-0.00572524203149606,-0.00868379506299207,0.));
#2666=CARTESIAN_POINT('',(0.00533332196850603,-0.00069943206299207,0.));
#2667=CARTESIAN_POINT('',(-0.00265167803149188,-0.00069943206299207,0.));
#2668=CARTESIAN_POINT('',(0.0133183219685039,-0.00069943206299207,0.));
#2669=CARTESIAN_POINT('',(-0.00265167803149188,-0.00868443206299207,0.));
#2670=CARTESIAN_POINT('',(-0.00265167803149188,-0.0166694320629921,0.));
#2671=CARTESIAN_POINT('',(0.00533332196850603,-0.0166694320629921,0.));
#2672=CARTESIAN_POINT('',(0.0133183219685039,-0.0166694320629921,0.));
#2673=CARTESIAN_POINT('',(0.0133183219685039,-0.00868443206299207,0.));
#2674=CARTESIAN_POINT('',(0.0243871719685039,-0.035721011062992,0.));
#2675=CARTESIAN_POINT('',(0.0323721719685039,-0.035721011062992,0.));
#2676=CARTESIAN_POINT('',(0.016402171968504,-0.035721011062992,0.));
#2677=CARTESIAN_POINT('',(0.0323721719685039,-0.0277360110629921,0.));
#2678=CARTESIAN_POINT('',(0.0323721719685039,-0.0197510110629921,0.));
#2679=CARTESIAN_POINT('',(0.0243871719685039,-0.0197510110629921,0.));
#2680=CARTESIAN_POINT('',(0.016402171968504,-0.0197510110629921,0.));
#2681=CARTESIAN_POINT('',(0.016402171968504,-0.0277360110629921,0.));
#2682=CARTESIAN_POINT('',(0.00532717196850393,-0.035711011062992,0.));
#2683=CARTESIAN_POINT('',(0.0133121719685039,-0.035711011062992,0.));
#2684=CARTESIAN_POINT('',(-0.00265782803149608,-0.035711011062992,0.));
#2685=CARTESIAN_POINT('',(0.0133121719685039,-0.027726011062992,0.));
#2686=CARTESIAN_POINT('',(0.0133121719685039,-0.0197410110629921,0.));
#2687=CARTESIAN_POINT('',(0.00532717196850393,-0.0197410110629921,0.));
#2688=CARTESIAN_POINT('',(-0.00265782803149608,-0.0197410110629921,0.));
#2689=CARTESIAN_POINT('',(-0.00265782803149608,-0.027726011062992,0.));
#2690=CARTESIAN_POINT('',(-0.00573782803149606,-0.0277360110629921,0.));
#2691=CARTESIAN_POINT('',(-0.00573782803149606,-0.0197510110629921,0.));
#2692=CARTESIAN_POINT('',(-0.00573782803149606,-0.035721011062992,0.));
#2693=CARTESIAN_POINT('',(-0.0137228280314971,-0.0197510110629921,0.));
#2694=CARTESIAN_POINT('',(-0.0217078280314982,-0.0197510110629921,0.));
#2695=CARTESIAN_POINT('',(-0.0217078280314982,-0.0277360110629921,0.));
#2696=CARTESIAN_POINT('',(-0.0217078280314982,-0.035721011062992,0.));
#2697=CARTESIAN_POINT('',(-0.0137228280314971,-0.035721011062992,0.));
#2698=CARTESIAN_POINT('',(0.0250871719685039,-0.00228601106299207,0.));
#2699=CARTESIAN_POINT('',(0.0189871719685039,-0.00228601106299207,0.));
#2700=CARTESIAN_POINT('',(0.031187171968504,-0.00228601106299207,0.));
#2701=CARTESIAN_POINT('',(0.0189871719685039,-0.00818601106299208,0.));
#2702=CARTESIAN_POINT('',(0.0189871719685039,-0.0140860110629921,0.));
#2703=CARTESIAN_POINT('',(0.0291371719685039,-0.0140860110629921,0.));
#2704=CARTESIAN_POINT('',(0.031187171968504,-0.0140860110629921,0.));
#2705=CARTESIAN_POINT('',(0.031187171968504,-0.00348601106299207,0.));
#2706=CARTESIAN_POINT('',(-0.00418282803149606,-0.0372210110629921,0.003));
#2707=CARTESIAN_POINT('',(0.0211871719685039,-0.0245360110629921,-0.009685));
#2708=CARTESIAN_POINT('',(0.0163989357352588,-0.0372210110629921,0.003));
#2709=CARTESIAN_POINT('',(0.0148555538497627,-0.0367160110629921,0.0025));
#2710=CARTESIAN_POINT('',(0.0133105538412892,-0.0372110136812797,0.003));
#2711=CARTESIAN_POINT('',(0.0333721719685039,-0.00972522156299208,0.0025));
#2712=CARTESIAN_POINT('',(-0.00418282803149606,-0.0372110110629921,0.003));
#2713=CARTESIAN_POINT('',(-0.00265458129108301,-0.0372110110629921,0.003));
#2714=CARTESIAN_POINT('',(-0.00419620465915011,-0.0367160110629921,0.0025));
#2715=CARTESIAN_POINT('',(-0.00573620465059387,-0.037221013698309,0.003));
#2716=CARTESIAN_POINT('',(-0.00418282803149606,-0.0372210110629921,0.003));
#2717=CARTESIAN_POINT('',(-0.0217110959922656,-0.0372210110629921,0.003));
#2718=CARTESIAN_POINT('',(-0.00418282803149606,0.000801204937007922,0.003));
#2719=CARTESIAN_POINT('',(-0.00481782803149606,0.00199009693700793,0.004188892));
#2720=CARTESIAN_POINT('',(-0.0216939753446395,0.00199009829190612,0.00418889064510181));
#2721=CARTESIAN_POINT('',(-0.021693975348072,0.000301204937007922,0.0025));
#2722=CARTESIAN_POINT('',(-0.0232394620140626,-0.036716011062992,0.0025));
#2723=CARTESIAN_POINT('',(-0.0247694620227877,-0.0372110137328697,0.003));
#2724=CARTESIAN_POINT('',(-0.0232302683480719,0.000305096937007929,0.0025));
#2725=CARTESIAN_POINT('',(-0.023230268341215,0.00199204564368199,0.00418694329332593));
#2726=CARTESIAN_POINT('',(-0.0220063216777725,0.00199049529073142,0.00418849364627651));
#2727=CARTESIAN_POINT('',(-0.0174998758113992,-0.00252738153561068,-0.000317952220096935));
#2728=CARTESIAN_POINT('',(-0.0247665613480719,0.000308988937007938,0.0025));
#2729=CARTESIAN_POINT('',(-0.00418282803149606,-0.0372110110629921,0.003));
#2730=CARTESIAN_POINT('',(-0.0328829896981628,-0.0278561727296588,-0.00635483833333332));
#2731=CARTESIAN_POINT('',(-0.00418282803149606,0.00080898893700794,0.003));
#2732=CARTESIAN_POINT('',(-0.038919333031496,-0.00250950606299207,-0.000318495000000012));
#2733=CARTESIAN_POINT('',(-0.042237828031496,-0.0091464960629921,0.003));
#2734=CARTESIAN_POINT('',(-0.00481782803149606,0.00342898893700793,0.00275));
#2735=CARTESIAN_POINT('',(0.0085988386351706,0.00576232227034126,0.000416666666666668));
#2736=CARTESIAN_POINT('',(-0.015317828031496,0.00867898893700793,-0.0025));
#2737=CARTESIAN_POINT('',(-0.020817828031496,-0.0091464960629921,0.003));
#2738=CARTESIAN_POINT('',(-0.015272828031496,0.0121339889370079,-0.002545));
#2739=CARTESIAN_POINT('',(0.0109321719685039,0.0104289889370079,0.00275));
#2740=CARTESIAN_POINT('',(0.00606050530183727,0.0125573222703413,-0.00212166666666666));
#2741=CARTESIAN_POINT('',(-0.00418282803149606,0.0176789889370079,0.003));
#2742=CARTESIAN_POINT('',(0.0250871719685039,-0.00228601106299207,0.0015));
#2743=CARTESIAN_POINT('',(0.031187171968504,-0.00228601106299207,0.0015));
#2744=CARTESIAN_POINT('',(0.031187171968504,-0.00228601106299207,0.0015));
#2745=CARTESIAN_POINT('',(0.0250871719685039,-0.00228601106299207,0.0015));
#2746=CARTESIAN_POINT('',(0.0189871719685039,-0.00228601106299207,0.0015));
#2747=CARTESIAN_POINT('',(0.0189871719685039,-0.00228601106299207,0.0015));
#2748=CARTESIAN_POINT('',(0.031187171968504,-0.00348601106299207,0.0015));
#2749=CARTESIAN_POINT('',(0.031187171968504,-0.0140860110629921,0.0015));
#2750=CARTESIAN_POINT('',(0.031187171968504,-0.0140860110629921,0.0015));
#2751=CARTESIAN_POINT('',(0.031187171968504,-0.00348601106299207,0.0015));
#2752=CARTESIAN_POINT('',(0.0291371719685039,-0.0140860110629921,0.0015));
#2753=CARTESIAN_POINT('',(0.0189871719685039,-0.0140860110629921,0.0015));
#2754=CARTESIAN_POINT('',(0.0189871719685039,-0.0140860110629921,0.0015));
#2755=CARTESIAN_POINT('',(0.0291371719685039,-0.0140860110629921,0.0015));
#2756=CARTESIAN_POINT('',(-0.00573782803149606,-0.0277360110629921,0.0015));
#2757=CARTESIAN_POINT('',(-0.00573782803149606,-0.035721011062992,0.0015));
#2758=CARTESIAN_POINT('',(-0.00573782803149606,-0.035721011062992,0.0015));
#2759=CARTESIAN_POINT('',(-0.00573782803149606,-0.0277360110629921,0.0015));
#2760=CARTESIAN_POINT('',(-0.00573782803149606,-0.0197510110629921,0.0015));
#2761=CARTESIAN_POINT('',(-0.00573782803149606,-0.0197510110629921,0.0015));
#2762=CARTESIAN_POINT('',(-0.0137228280314971,-0.035721011062992,0.0015));
#2763=CARTESIAN_POINT('',(-0.0217078280314982,-0.035721011062992,0.0015));
#2764=CARTESIAN_POINT('',(-0.0217078280314982,-0.035721011062992,0.0015));
#2765=CARTESIAN_POINT('',(-0.0137228280314971,-0.035721011062992,0.0015));
#2766=CARTESIAN_POINT('',(-0.0217078280314982,-0.0277360110629921,0.0015));
#2767=CARTESIAN_POINT('',(-0.0217078280314982,-0.0197510110629921,0.0015));
#2768=CARTESIAN_POINT('',(-0.0217078280314982,-0.0197510110629921,0.0015));
#2769=CARTESIAN_POINT('',(-0.0217078280314982,-0.0277360110629921,0.0015));
#2770=CARTESIAN_POINT('',(0.00532717196850393,-0.035711011062992,0.0015));
#2771=CARTESIAN_POINT('',(-0.00265782803149608,-0.035711011062992,0.0015));
#2772=CARTESIAN_POINT('',(-0.00265782803149608,-0.035711011062992,0.0015));
#2773=CARTESIAN_POINT('',(0.00532717196850393,-0.035711011062992,0.0015));
#2774=CARTESIAN_POINT('',(0.0133121719685039,-0.035711011062992,0.0015));
#2775=CARTESIAN_POINT('',(0.0133121719685039,-0.035711011062992,0.0015));
#2776=CARTESIAN_POINT('',(-0.00265782803149608,-0.027726011062992,0.0015));
#2777=CARTESIAN_POINT('',(-0.00265782803149608,-0.0197410110629921,0.0015));
#2778=CARTESIAN_POINT('',(-0.00265782803149608,-0.0197410110629921,0.0015));
#2779=CARTESIAN_POINT('',(-0.00265782803149608,-0.027726011062992,0.0015));
#2780=CARTESIAN_POINT('',(0.00532717196850393,-0.0197410110629921,0.0015));
#2781=CARTESIAN_POINT('',(0.0133121719685039,-0.0197410110629921,0.0015));
#2782=CARTESIAN_POINT('',(0.0133121719685039,-0.0197410110629921,0.0015));
#2783=CARTESIAN_POINT('',(0.00532717196850393,-0.0197410110629921,0.0015));
#2784=CARTESIAN_POINT('',(0.0243871719685039,-0.035721011062992,0.0015));
#2785=CARTESIAN_POINT('',(0.016402171968504,-0.035721011062992,0.0015));
#2786=CARTESIAN_POINT('',(0.016402171968504,-0.035721011062992,0.0015));
#2787=CARTESIAN_POINT('',(0.0243871719685039,-0.035721011062992,0.0015));
#2788=CARTESIAN_POINT('',(0.0323721719685039,-0.035721011062992,0.0015));
#2789=CARTESIAN_POINT('',(0.0323721719685039,-0.035721011062992,0.0015));
#2790=CARTESIAN_POINT('',(0.016402171968504,-0.0277360110629921,0.0015));
#2791=CARTESIAN_POINT('',(0.016402171968504,-0.0197510110629921,0.0015));
#2792=CARTESIAN_POINT('',(0.016402171968504,-0.0197510110629921,0.0015));
#2793=CARTESIAN_POINT('',(0.016402171968504,-0.0277360110629921,0.0015));
#2794=CARTESIAN_POINT('',(0.0243871719685039,-0.0197510110629921,0.0015));
#2795=CARTESIAN_POINT('',(0.0323721719685039,-0.0197510110629921,0.0015));
#2796=CARTESIAN_POINT('',(0.0323721719685039,-0.0197510110629921,0.0015));
#2797=CARTESIAN_POINT('',(0.0243871719685039,-0.0197510110629921,0.0015));
#2798=CARTESIAN_POINT('',(0.00533332196850603,-0.00069943206299207,0.0015));
#2799=CARTESIAN_POINT('',(0.0133183219685039,-0.00069943206299207,0.0015));
#2800=CARTESIAN_POINT('',(0.0133183219685039,-0.00069943206299207,0.0015));
#2801=CARTESIAN_POINT('',(0.00533332196850603,-0.00069943206299207,0.0015));
#2802=CARTESIAN_POINT('',(-0.00265167803149188,-0.00069943206299207,0.0015));
#2803=CARTESIAN_POINT('',(-0.00265167803149188,-0.00069943206299207,0.0015));
#2804=CARTESIAN_POINT('',(0.0133183219685039,-0.00868443206299207,0.0015));
#2805=CARTESIAN_POINT('',(0.0133183219685039,-0.0166694320629921,0.0015));
#2806=CARTESIAN_POINT('',(0.0133183219685039,-0.0166694320629921,0.0015));
#2807=CARTESIAN_POINT('',(0.0133183219685039,-0.00868443206299207,0.0015));
#2808=CARTESIAN_POINT('',(0.00533332196850603,-0.0166694320629921,0.0015));
#2809=CARTESIAN_POINT('',(-0.00265167803149188,-0.0166694320629921,0.0015));
#2810=CARTESIAN_POINT('',(-0.00265167803149188,-0.0166694320629921,0.0015));
#2811=CARTESIAN_POINT('',(0.00533332196850603,-0.0166694320629921,0.0015));
#2812=CARTESIAN_POINT('',(-0.0137102420314973,-0.000698795062992072,0.0015));
#2813=CARTESIAN_POINT('',(-0.00572524203149606,-0.000698795062992072,0.0015));
#2814=CARTESIAN_POINT('',(-0.00572524203149606,-0.000698795062992072,0.0015));
#2815=CARTESIAN_POINT('',(-0.0137102420314973,-0.000698795062992072,0.0015));
#2816=CARTESIAN_POINT('',(-0.0216952420314985,-0.000698795062992069,0.0015));
#2817=CARTESIAN_POINT('',(-0.0216952420314985,-0.000698795062992069,0.0015));
#2818=CARTESIAN_POINT('',(-0.00572524203149606,-0.00868379506299207,0.0015));
#2819=CARTESIAN_POINT('',(-0.00572524203149606,-0.0166687950629921,0.0015));
#2820=CARTESIAN_POINT('',(-0.00572524203149606,-0.0166687950629921,0.0015));
#2821=CARTESIAN_POINT('',(-0.00572524203149606,-0.00868379506299207,0.0015));
#2822=CARTESIAN_POINT('',(-0.0137102420314973,-0.0166687950629921,0.0015));
#2823=CARTESIAN_POINT('',(-0.0216952420314985,-0.0166687950629921,0.0015));
#2824=CARTESIAN_POINT('',(-0.0216952420314985,-0.0166687950629921,0.0015));
#2825=CARTESIAN_POINT('',(-0.0137102420314973,-0.0166687950629921,0.0015));
#2826=CARTESIAN_POINT('',(-0.0327528280314961,-0.000691011062992061,0.0015));
#2827=CARTESIAN_POINT('',(-0.0247678280314961,-0.000691011062992058,0.0015));
#2828=CARTESIAN_POINT('',(-0.0247678280314961,-0.000691011062992058,0.0015));
#2829=CARTESIAN_POINT('',(-0.0327528280314961,-0.000691011062992061,0.0015));
#2830=CARTESIAN_POINT('',(-0.0407378280314961,-0.000691011062992061,0.0015));
#2831=CARTESIAN_POINT('',(-0.0407378280314961,-0.000691011062992061,0.0015));
#2832=CARTESIAN_POINT('',(-0.0247678280314961,-0.00867601106299204,0.0015));
#2833=CARTESIAN_POINT('',(-0.0247678280314961,-0.0166610110629921,0.0015));
#2834=CARTESIAN_POINT('',(-0.0247678280314961,-0.0166610110629921,0.0015));
#2835=CARTESIAN_POINT('',(-0.0247678280314961,-0.00867601106299204,0.0015));
#2836=CARTESIAN_POINT('',(-0.0327528280314961,-0.0166610110629921,0.0015));
#2837=CARTESIAN_POINT('',(-0.0407378280314961,-0.0166610110629921,0.0015));
#2838=CARTESIAN_POINT('',(-0.0407378280314961,-0.0166610110629921,0.0015));
#2839=CARTESIAN_POINT('',(-0.0327528280314961,-0.0166610110629921,0.0015));
#2840=CARTESIAN_POINT('',(-0.0407378280314961,-0.027726011062992,0.0015));
#2841=CARTESIAN_POINT('',(-0.0407378280314961,-0.0197410110629921,0.0015));
#2842=CARTESIAN_POINT('',(-0.0407378280314961,-0.0197410110629921,0.0015));
#2843=CARTESIAN_POINT('',(-0.0407378280314961,-0.027726011062992,0.0015));
#2844=CARTESIAN_POINT('',(-0.0407378280314961,-0.035711011062992,0.0015));
#2845=CARTESIAN_POINT('',(-0.0407378280314961,-0.035711011062992,0.0015));
#2846=CARTESIAN_POINT('',(-0.0327528280314971,-0.0197410110629921,0.0015));
#2847=CARTESIAN_POINT('',(-0.0247678280314982,-0.019741011062992,0.0015));
#2848=CARTESIAN_POINT('',(-0.0247678280314982,-0.019741011062992,0.0015));
#2849=CARTESIAN_POINT('',(-0.0327528280314971,-0.0197410110629921,0.0015));
#2850=CARTESIAN_POINT('',(-0.0247678280314982,-0.027726011062992,0.0015));
#2851=CARTESIAN_POINT('',(-0.0247678280314982,-0.035711011062992,0.0015));
#2852=CARTESIAN_POINT('',(-0.0247678280314982,-0.035711011062992,0.0015));
#2853=CARTESIAN_POINT('',(-0.0247678280314982,-0.027726011062992,0.0015));
#2854=CARTESIAN_POINT('',(-0.0137228280314971,-0.0197510110629921,0.0015));
#2855=CARTESIAN_POINT('',(-0.0137228280314971,-0.0197510110629921,0.0015));
#2856=CARTESIAN_POINT('',(0.0133121719685039,-0.027726011062992,0.0015));
#2857=CARTESIAN_POINT('',(0.0133121719685039,-0.027726011062992,0.0015));
#2858=CARTESIAN_POINT('',(0.0323721719685039,-0.0277360110629921,0.0015));
#2859=CARTESIAN_POINT('',(0.0323721719685039,-0.0277360110629921,0.0015));
#2860=CARTESIAN_POINT('',(-0.00265167803149188,-0.00868443206299207,0.0015));
#2861=CARTESIAN_POINT('',(-0.00265167803149188,-0.00868443206299207,0.0015));
#2862=CARTESIAN_POINT('',(-0.0216952420314985,-0.00868379506299207,0.0015));
#2863=CARTESIAN_POINT('',(-0.0216952420314985,-0.00868379506299207,0.0015));
#2864=CARTESIAN_POINT('',(-0.0407378280314961,-0.00867601106299206,0.0015));
#2865=CARTESIAN_POINT('',(-0.0407378280314961,-0.00867601106299206,0.0015));
#2866=CARTESIAN_POINT('',(-0.0327528280314971,-0.035711011062992,0.0015));
#2867=CARTESIAN_POINT('',(-0.0327528280314971,-0.035711011062992,0.0015));
#2868=CARTESIAN_POINT('',(0.0189871719685039,-0.00818601106299208,0.0015));
#2869=CARTESIAN_POINT('',(0.0189871719685039,-0.00818601106299208,0.0015));
#2870=CARTESIAN_POINT('',(-0.00418282803149608,-0.0182060110629921,0.0015));
#2871=CARTESIAN_POINT('',(-0.0538199080314961,0.0293385039370079,0.003));
#2872=CARTESIAN_POINT('',(-0.0538199080314961,0.0293385039370079,0.0015));
#2873=CARTESIAN_POINT('',(-0.0555199080314961,0.0293385039370079,0.0015));
#2874=CARTESIAN_POINT('',(-0.0508199080314961,0.0293385039370079,0.0015));
#2875=CARTESIAN_POINT('',(-0.0538199080314961,0.0293385039370079,0.0015));
#2876=CARTESIAN_POINT('',(-0.0568199080314961,0.0293385039370079,0.0015));
#2877=CARTESIAN_POINT('',(-0.0538199080314961,0.0293385039370079,0.003));
#2878=CARTESIAN_POINT('',(0.0454542519685039,0.0293385039370079,0.003));
#2879=CARTESIAN_POINT('',(0.0454542519685039,0.0293385039370079,0.0015));
#2880=CARTESIAN_POINT('',(0.0437542519685039,0.0293385039370079,0.0015));
#2881=CARTESIAN_POINT('',(0.0484542519685039,0.0293385039370079,0.0015));
#2882=CARTESIAN_POINT('',(0.0454542519685039,0.0293385039370079,0.0015));
#2883=CARTESIAN_POINT('',(0.0424542519685039,0.0293385039370079,0.0015));
#2884=CARTESIAN_POINT('',(0.0454542519685039,0.0293385039370079,0.003));
#2885=CARTESIAN_POINT('',(0.0454542519685039,-0.0476314960629921,0.003));
#2886=CARTESIAN_POINT('',(0.0454542519685039,-0.0476314960629921,0.0015));
#2887=CARTESIAN_POINT('',(0.0437542519685039,-0.0476314960629921,0.0015));
#2888=CARTESIAN_POINT('',(0.0484542519685039,-0.0476314960629921,0.0015));
#2889=CARTESIAN_POINT('',(0.0454542519685039,-0.0476314960629921,0.0015));
#2890=CARTESIAN_POINT('',(0.0424542519685039,-0.0476314960629921,0.0015));
#2891=CARTESIAN_POINT('',(0.0454542519685039,-0.0476314960629921,0.003));
#2892=CARTESIAN_POINT('',(-0.0538199080314961,-0.0476314960629921,0.003));
#2893=CARTESIAN_POINT('',(-0.0538199080314961,-0.0476314960629921,0.0015));
#2894=CARTESIAN_POINT('',(-0.0555199080314961,-0.0476314960629921,0.0015));
#2895=CARTESIAN_POINT('',(-0.0508199080314961,-0.0476314960629921,0.0015));
#2896=CARTESIAN_POINT('',(-0.0538199080314961,-0.0476314960629921,0.0015));
#2897=CARTESIAN_POINT('',(-0.0568199080314961,-0.0476314960629921,0.0015));
#2898=CARTESIAN_POINT('',(-0.0538199080314961,-0.0476314960629921,0.003));
#2899=CARTESIAN_POINT('',(0.0474542519685039,0.0313385039370079,0.003));
#2900=CARTESIAN_POINT('',(0.0474542519685039,0.0333385039370079,0.00546721778371381));
#2901=CARTESIAN_POINT('',(0.0478332471880902,0.0333385039370079,0.00546725846366354));
#2902=CARTESIAN_POINT('',(0.048770414341588,0.0331223617270274,0.00545846910337484));
#2903=CARTESIAN_POINT('',(0.0494542519685039,0.0320067062686182,0.00543193830270981));
#2904=CARTESIAN_POINT('',(0.0494542519685039,0.0313385039370079,0.00541423754228321));
#2905=CARTESIAN_POINT('',(-0.0558199080314961,0.0313385039370079,0.003));
#2906=CARTESIAN_POINT('',(-0.0578199080314961,0.0313385039370079,0.00541423754228321));
#2907=CARTESIAN_POINT('',(-0.0578199080314961,0.0320067062686182,0.00543193830270981));
#2908=CARTESIAN_POINT('',(-0.0571360704045801,0.0331223617270275,0.00545846910337484));
#2909=CARTESIAN_POINT('',(-0.0561989032510823,0.0333385039370079,0.00546725846366354));
#2910=CARTESIAN_POINT('',(-0.0558199080314961,0.0333385039370079,0.00546721778371381));
#2911=CARTESIAN_POINT('',(-0.0558199080314961,-0.0496314960629921,0.003));
#2912=CARTESIAN_POINT('',(-0.0558199080314961,-0.0516314960629921,0.00253372259510581));
#2913=CARTESIAN_POINT('',(-0.0561989032510824,-0.0516314960629921,0.00253368191515607));
#2914=CARTESIAN_POINT('',(-0.0571360704045801,-0.0514153538530117,0.00254247127544476));
#2915=CARTESIAN_POINT('',(-0.0578199080314961,-0.0502996983946024,0.0025690020761098));
#2916=CARTESIAN_POINT('',(-0.0578199080314961,-0.0496314960629921,0.0025867028365364));
#2917=CARTESIAN_POINT('',(0.0474542519685039,-0.0496314960629921,0.003));
#2918=CARTESIAN_POINT('',(0.0494542519685039,-0.0496314960629921,0.0025867028365364));
#2919=CARTESIAN_POINT('',(0.0494542519685039,-0.0502996983946025,0.0025690020761098));
#2920=CARTESIAN_POINT('',(0.0487704143415879,-0.0514153538530118,0.00254247127544476));
#2921=CARTESIAN_POINT('',(0.0478332471880901,-0.0516314960629921,0.00253368191515607));
#2922=CARTESIAN_POINT('',(0.0474542519685039,-0.0516314960629921,0.00253372259510581));
#2923=CARTESIAN_POINT('',(-0.00418282803149606,-0.0511655027016946,0.00301627284675455));
#2924=CARTESIAN_POINT('',(0.0474542519685039,-0.0516314960629921,0.00253372259510581));
#2925=CARTESIAN_POINT('',(0.0474542519685039,-0.0514761649425596,0.00269457267898872));
#2926=CARTESIAN_POINT('',(0.0474542519685039,-0.0513208338221271,0.00285542276287164));
#2927=CARTESIAN_POINT('',(0.0474542519685039,-0.0511655027016946,0.00301627284675455));
#2928=CARTESIAN_POINT('',(-0.0558199080314961,-0.0511655027016946,0.00301627284675455));
#2929=CARTESIAN_POINT('',(-0.0558199080314961,-0.0513208338221271,0.00285542276287164));
#2930=CARTESIAN_POINT('',(-0.0558199080314961,-0.0514761649425596,0.00269457267898872));
#2931=CARTESIAN_POINT('',(-0.0558199080314961,-0.0516314960629921,0.00253372259510581));
#2932=CARTESIAN_POINT('',(-0.0573370636440925,-0.0496483470890981,0.00306925308818515));
#2933=CARTESIAN_POINT('',(-0.0573386752789161,-0.0500460913342636,0.00305536355308306));
#2934=CARTESIAN_POINT('',(-0.0571739490149921,-0.0504398881491664,0.00304161186528325));
#2935=CARTESIAN_POINT('',(-0.0566114490915644,-0.0510023880725942,0.00302196893511811));
#2936=CARTESIAN_POINT('',(-0.0562176522766615,-0.0511671143365181,0.00301621656722637));
#2937=CARTESIAN_POINT('',(-0.0558199080314961,-0.0511655027016946,0.00301627284675455));
#2938=CARTESIAN_POINT('',(-0.0578199080314961,-0.0496314960629921,0.0025867028365364));
#2939=CARTESIAN_POINT('',(-0.0578220325793146,-0.0501558249345503,0.0025728133014343));
#2940=CARTESIAN_POINT('',(-0.0576048811380838,-0.0506749500811506,0.00255906161363452));
#2941=CARTESIAN_POINT('',(-0.0568633620496546,-0.0514164691695798,0.00253941868346934));
#2942=CARTESIAN_POINT('',(-0.0563442369030543,-0.0516336206108106,0.00253366631557763));
#2943=CARTESIAN_POINT('',(-0.0558199080314961,-0.0516314960629921,0.00253372259510581));
#2944=CARTESIAN_POINT('',(-0.0578199080314961,-0.0496314960629921,0.0025867028365364));
#2945=CARTESIAN_POINT('',(-0.0576589599023616,-0.0496371130716941,0.00274755292041931));
#2946=CARTESIAN_POINT('',(-0.0574980117732271,-0.0496427300803961,0.00290840300430223));
#2947=CARTESIAN_POINT('',(-0.0573370636440926,-0.0496483470890981,0.00306925308818515));
#2948=CARTESIAN_POINT('',(0.0474542519685039,-0.0511655027016946,0.00301627284675455));
#2949=CARTESIAN_POINT('',(0.0478519962136694,-0.0511671143365181,0.00301621656722637));
#2950=CARTESIAN_POINT('',(0.0482457930285723,-0.0510023880725942,0.00302196893511811));
#2951=CARTESIAN_POINT('',(0.048808292952,-0.0504398881491664,0.00304161186528325));
#2952=CARTESIAN_POINT('',(0.048973019215924,-0.0500460913342636,0.00305536355308306));
#2953=CARTESIAN_POINT('',(0.0489714075811004,-0.0496483470890981,0.00306925308818515));
#2954=CARTESIAN_POINT('',(0.0474542519685039,-0.0516314960629921,0.00253372259510581));
#2955=CARTESIAN_POINT('',(0.0479785808400622,-0.0516336206108106,0.00253366631557763));
#2956=CARTESIAN_POINT('',(0.0484977059866624,-0.0514164691695798,0.00253941868346934));
#2957=CARTESIAN_POINT('',(0.0492392250750916,-0.0506749500811506,0.00255906161363452));
#2958=CARTESIAN_POINT('',(0.0494563765163225,-0.0501558249345503,0.0025728133014343));
#2959=CARTESIAN_POINT('',(0.0494542519685039,-0.0496314960629921,0.0025867028365364));
#2960=CARTESIAN_POINT('',(0.0489714075811004,-0.0496483470890981,0.00306925308818515));
#2961=CARTESIAN_POINT('',(0.0491323557102349,-0.0496427300803961,0.00290840300430223));
#2962=CARTESIAN_POINT('',(0.0492933038393694,-0.0496371130716941,0.00274755292041931));
#2963=CARTESIAN_POINT('',(0.0494542519685039,-0.0496314960629921,0.0025867028365364));
#2964=CARTESIAN_POINT('',(-0.0578199080314961,-0.00918139069924178,0.00399925164186083));
#2965=CARTESIAN_POINT('',(-0.0573370636440926,0.0313216529109019,0.00589678779393196));
#2966=CARTESIAN_POINT('',(-0.0574980117732271,0.0313272699196039,0.00573593771004904));
#2967=CARTESIAN_POINT('',(-0.0576589599023616,0.0313328869283059,0.00557508762616613));
#2968=CARTESIAN_POINT('',(-0.0578199080314961,0.0313385039370079,0.00541423754228321));
#2969=CARTESIAN_POINT('',(0.0494542519685039,-0.00918139069924177,0.00399925164186083));
#2970=CARTESIAN_POINT('',(0.0494542519685039,0.0313385039370078,0.00541423754228321));
#2971=CARTESIAN_POINT('',(0.0492933038393694,0.0313328869283058,0.00557508762616612));
#2972=CARTESIAN_POINT('',(0.0491323557102349,0.0313272699196038,0.00573593771004904));
#2973=CARTESIAN_POINT('',(0.0489714075811004,0.0313216529109018,0.00589678779393196));
#2974=CARTESIAN_POINT('',(-0.0558199080314961,0.0328388085234983,0.00594976803536255));
#2975=CARTESIAN_POINT('',(-0.0562176522766615,0.0328404201583219,0.00594982431489073));
#2976=CARTESIAN_POINT('',(-0.0566114490915644,0.0326756938943979,0.00594407194699901));
#2977=CARTESIAN_POINT('',(-0.0571739490149921,0.0321131939709702,0.00592442901683386));
#2978=CARTESIAN_POINT('',(-0.0573386752789161,0.0317193971560673,0.00591067732903405));
#2979=CARTESIAN_POINT('',(-0.0573370636440925,0.0313216529109018,0.00589678779393196));
#2980=CARTESIAN_POINT('',(-0.0558199080314961,0.0333385039370079,0.00546721778371381));
#2981=CARTESIAN_POINT('',(-0.0563442369030543,0.0333406284848265,0.00546727406324198));
#2982=CARTESIAN_POINT('',(-0.0568633620496546,0.0331234770435956,0.00546152169535028));
#2983=CARTESIAN_POINT('',(-0.0576048811380838,0.0323819579551664,0.00544187876518509));
#2984=CARTESIAN_POINT('',(-0.0578220325793146,0.0318628328085661,0.0054281270773853));
#2985=CARTESIAN_POINT('',(-0.0578199080314961,0.0313385039370079,0.00541423754228321));
#2986=CARTESIAN_POINT('',(-0.0558199080314961,0.0333385039370079,0.0054672177837138));
#2987=CARTESIAN_POINT('',(-0.0558199080314961,0.0331719387991714,0.00562806786759672));
#2988=CARTESIAN_POINT('',(-0.0558199080314961,0.0330053736613349,0.00578891795147963));
#2989=CARTESIAN_POINT('',(-0.0558199080314961,0.0328388085234983,0.00594976803536255));
#2990=CARTESIAN_POINT('',(0.0489714075811004,0.0313216529109018,0.00589678779393196));
#2991=CARTESIAN_POINT('',(0.048973019215924,0.0317193971560674,0.00591067732903405));
#2992=CARTESIAN_POINT('',(0.048808292952,0.0321131939709702,0.00592442901683386));
#2993=CARTESIAN_POINT('',(0.0482457930285723,0.032675693894398,0.00594407194699901));
#2994=CARTESIAN_POINT('',(0.0478519962136694,0.0328404201583219,0.00594982431489073));
#2995=CARTESIAN_POINT('',(0.0474542519685039,0.0328388085234983,0.00594976803536255));
#2996=CARTESIAN_POINT('',(0.0494542519685039,0.0313385039370079,0.00541423754228321));
#2997=CARTESIAN_POINT('',(0.0494563765163225,0.0318628328085661,0.0054281270773853));
#2998=CARTESIAN_POINT('',(0.0492392250750916,0.0323819579551664,0.00544187876518509));
#2999=CARTESIAN_POINT('',(0.0484977059866624,0.0331234770435956,0.00546152169535028));
#3000=CARTESIAN_POINT('',(0.0479785808400622,0.0333406284848265,0.00546727406324198));
#3001=CARTESIAN_POINT('',(0.0474542519685039,0.0333385039370079,0.0054672177837138));
#3002=CARTESIAN_POINT('',(0.0474542519685039,0.0328388085234984,0.00594976803536255));
#3003=CARTESIAN_POINT('',(0.0474542519685039,0.0330053736613349,0.00578891795147963));
#3004=CARTESIAN_POINT('',(0.0474542519685039,0.0331719387991714,0.00562806786759672));
#3005=CARTESIAN_POINT('',(0.0474542519685039,0.0333385039370079,0.0054672177837138));
#3006=CARTESIAN_POINT('',(-0.00418282803149606,0.0333385039370079,0.0054672177837138));
#3007=MECHANICAL_DESIGN_GEOMETRIC_PRESENTATION_REPRESENTATION('',(#1834),
#3008);
#3008=(
GEOMETRIC_REPRESENTATION_CONTEXT(3)
GLOBAL_UNCERTAINTY_ASSIGNED_CONTEXT((#3009))
GLOBAL_UNIT_ASSIGNED_CONTEXT((#3012,#3011,#3010))
REPRESENTATION_CONTEXT('Part 1','TOP_LEVEL_ASSEMBLY_PART')
);
#3009=UNCERTAINTY_MEASURE_WITH_UNIT(LENGTH_MEASURE(2.E-5),#3012,
'DISTANCE_ACCURACY_VALUE','Maximum Tolerance applied to model');
#3010=(
NAMED_UNIT(*)
SI_UNIT($,.STERADIAN.)
SOLID_ANGLE_UNIT()
);
#3011=(
NAMED_UNIT(*)
PLANE_ANGLE_UNIT()
SI_UNIT($,.RADIAN.)
);
#3012=(
LENGTH_UNIT()
NAMED_UNIT(*)
SI_UNIT($,.METRE.)
);
#3013=PRODUCT_DEFINITION_SHAPE('','',#3014);
#3014=PRODUCT_DEFINITION('','',#3016,#3015);
#3015=PRODUCT_DEFINITION_CONTEXT('',#3022,'design');
#3016=PRODUCT_DEFINITION_FORMATION_WITH_SPECIFIED_SOURCE('','',#3018,
 .NOT_KNOWN.);
#3017=PRODUCT_RELATED_PRODUCT_CATEGORY('','',(#3018));
#3018=PRODUCT('Part 1','Part 1','Part 1',(#3020));
#3019=PRODUCT_CATEGORY('','');
#3020=PRODUCT_CONTEXT('',#3022,'mechanical');
#3021=APPLICATION_PROTOCOL_DEFINITION('international standard',
'ap242_managed_model_based_3d_engineering',2020,#3022);
#3022=APPLICATION_CONTEXT('managed model based 3d engineering');
ENDSEC;
END-ISO-10303-21;
