ISO-10303-21;
HEADER;
/* Generated by software containing ST-Developer
 * from STEP Tools, Inc. (www.steptools.com) 
 */
/* OPTION: using custom renumber hook */

FILE_DESCRIPTION(
/* description */ ('STEP AP242 Edition 2',
'CAx-IF Rec.Pracs.---Representation and Presentation of Product Manufa
cturing Information (PMI)---4.0---2014-10-13',
'CAx-IF Rec.Pracs.---3D Tessellated Geometry---0.4---2014-09-14','2;1',
'CAx-IF Rec.Pracs.---User Defined Attributes---1.5---2016-08-15'),
/* implementation_level */ '2;1');

FILE_NAME(
/* name */ 'Plate',
/* time_stamp */ '2026-08-16T07:49:41Z',
/* author */ (''),
/* organization */ (''),
/* preprocessor_version */ 'ST-DEVELOPER v20',
/* originating_system */ 'ONSHAPE BY PTC INC, 1.219',
/* authorisation */ '  ');

FILE_SCHEMA (('AP242_MANAGED_MODEL_BASED_3D_ENGINEERING_MIM_LF { 1 0 10303 442 3 1 4 }'));
ENDSEC;

DATA;
#10=SHAPE_REPRESENTATION_RELATIONSHIP('','',#1736,#11);
#11=ADVANCED_BREP_SHAPE_REPRESENTATION('',(#1734),#2764);
#12=CYLINDRICAL_SURFACE('',#1829,0.0017);
#13=CYLINDRICAL_SURFACE('',#1833,0.003);
#14=CYLINDRICAL_SURFACE('',#1834,0.0017);
#15=CYLINDRICAL_SURFACE('',#1838,0.003);
#16=CYLINDRICAL_SURFACE('',#1839,0.0017);
#17=CYLINDRICAL_SURFACE('',#1843,0.003);
#18=CYLINDRICAL_SURFACE('',#1844,0.0017);
#19=CYLINDRICAL_SURFACE('',#1848,0.003);
#20=CYLINDRICAL_SURFACE('',#1849,0.002);
#21=CYLINDRICAL_SURFACE('',#1850,0.002);
#22=CYLINDRICAL_SURFACE('',#1851,0.002);
#23=CYLINDRICAL_SURFACE('',#1852,0.002);
#24=CIRCLE('',#1772,0.0017);
#25=CIRCLE('',#1773,0.0017);
#26=CIRCLE('',#1774,0.0017);
#27=CIRCLE('',#1775,0.0017);
#28=CIRCLE('',#1776,0.002);
#29=CIRCLE('',#1777,0.002);
#30=CIRCLE('',#1778,0.002);
#31=CIRCLE('',#1779,0.002);
#32=CIRCLE('',#1830,0.0017);
#33=CIRCLE('',#1832,0.003);
#34=CIRCLE('',#1835,0.0017);
#35=CIRCLE('',#1837,0.003);
#36=CIRCLE('',#1840,0.0017);
#37=CIRCLE('',#1842,0.003);
#38=CIRCLE('',#1845,0.0017);
#39=CIRCLE('',#1847,0.003);
#40=ELLIPSE('',#1763,0.00300182863289647,0.003);
#41=ELLIPSE('',#1764,0.00300182863289647,0.003);
#42=ELLIPSE('',#1765,0.00300182863289647,0.003);
#43=ELLIPSE('',#1766,0.00300182863289647,0.003);
#44=ELLIPSE('',#1767,0.00200121908859765,0.002);
#45=ELLIPSE('',#1768,0.00200121908859765,0.002);
#46=ELLIPSE('',#1769,0.00200121908859765,0.002);
#47=ELLIPSE('',#1770,0.00200121908859765,0.002);
#48=ORIENTED_EDGE('',*,*,#506,.F.);
#49=ORIENTED_EDGE('',*,*,#507,.F.);
#50=ORIENTED_EDGE('',*,*,#508,.F.);
#51=ORIENTED_EDGE('',*,*,#509,.T.);
#52=ORIENTED_EDGE('',*,*,#510,.F.);
#53=ORIENTED_EDGE('',*,*,#509,.F.);
#54=ORIENTED_EDGE('',*,*,#511,.F.);
#55=ORIENTED_EDGE('',*,*,#512,.T.);
#56=ORIENTED_EDGE('',*,*,#513,.F.);
#57=ORIENTED_EDGE('',*,*,#514,.T.);
#58=ORIENTED_EDGE('',*,*,#515,.F.);
#59=ORIENTED_EDGE('',*,*,#516,.F.);
#60=ORIENTED_EDGE('',*,*,#511,.T.);
#61=ORIENTED_EDGE('',*,*,#517,.T.);
#62=ORIENTED_EDGE('',*,*,#516,.T.);
#63=ORIENTED_EDGE('',*,*,#518,.T.);
#64=ORIENTED_EDGE('',*,*,#519,.F.);
#65=ORIENTED_EDGE('',*,*,#520,.T.);
#66=ORIENTED_EDGE('',*,*,#521,.T.);
#67=ORIENTED_EDGE('',*,*,#522,.T.);
#68=ORIENTED_EDGE('',*,*,#523,.F.);
#69=ORIENTED_EDGE('',*,*,#524,.T.);
#70=ORIENTED_EDGE('',*,*,#523,.T.);
#71=ORIENTED_EDGE('',*,*,#525,.T.);
#72=ORIENTED_EDGE('',*,*,#526,.F.);
#73=ORIENTED_EDGE('',*,*,#527,.T.);
#74=ORIENTED_EDGE('',*,*,#528,.F.);
#75=ORIENTED_EDGE('',*,*,#529,.F.);
#76=ORIENTED_EDGE('',*,*,#530,.T.);
#77=ORIENTED_EDGE('',*,*,#526,.T.);
#78=ORIENTED_EDGE('',*,*,#529,.T.);
#79=ORIENTED_EDGE('',*,*,#531,.T.);
#80=ORIENTED_EDGE('',*,*,#532,.F.);
#81=ORIENTED_EDGE('',*,*,#533,.T.);
#82=ORIENTED_EDGE('',*,*,#534,.F.);
#83=ORIENTED_EDGE('',*,*,#517,.F.);
#84=ORIENTED_EDGE('',*,*,#508,.T.);
#85=ORIENTED_EDGE('',*,*,#532,.T.);
#86=ORIENTED_EDGE('',*,*,#519,.T.);
#87=ORIENTED_EDGE('',*,*,#535,.T.);
#88=ORIENTED_EDGE('',*,*,#536,.F.);
#89=ORIENTED_EDGE('',*,*,#537,.T.);
#90=ORIENTED_EDGE('',*,*,#538,.F.);
#91=ORIENTED_EDGE('',*,*,#539,.F.);
#92=ORIENTED_EDGE('',*,*,#540,.T.);
#93=ORIENTED_EDGE('',*,*,#536,.T.);
#94=ORIENTED_EDGE('',*,*,#539,.T.);
#95=ORIENTED_EDGE('',*,*,#541,.T.);
#96=ORIENTED_EDGE('',*,*,#542,.F.);
#97=ORIENTED_EDGE('',*,*,#543,.T.);
#98=ORIENTED_EDGE('',*,*,#544,.F.);
#99=ORIENTED_EDGE('',*,*,#545,.F.);
#100=ORIENTED_EDGE('',*,*,#546,.T.);
#101=ORIENTED_EDGE('',*,*,#542,.T.);
#102=ORIENTED_EDGE('',*,*,#545,.T.);
#103=ORIENTED_EDGE('',*,*,#547,.T.);
#104=ORIENTED_EDGE('',*,*,#548,.F.);
#105=ORIENTED_EDGE('',*,*,#549,.T.);
#106=ORIENTED_EDGE('',*,*,#550,.F.);
#107=ORIENTED_EDGE('',*,*,#551,.F.);
#108=ORIENTED_EDGE('',*,*,#552,.T.);
#109=ORIENTED_EDGE('',*,*,#548,.T.);
#110=ORIENTED_EDGE('',*,*,#553,.F.);
#111=ORIENTED_EDGE('',*,*,#554,.T.);
#112=ORIENTED_EDGE('',*,*,#555,.T.);
#113=ORIENTED_EDGE('',*,*,#556,.F.);
#114=ORIENTED_EDGE('',*,*,#557,.F.);
#115=ORIENTED_EDGE('',*,*,#558,.T.);
#116=ORIENTED_EDGE('',*,*,#553,.T.);
#117=ORIENTED_EDGE('',*,*,#559,.F.);
#118=ORIENTED_EDGE('',*,*,#560,.F.);
#119=ORIENTED_EDGE('',*,*,#561,.T.);
#120=ORIENTED_EDGE('',*,*,#557,.T.);
#121=ORIENTED_EDGE('',*,*,#562,.T.);
#122=ORIENTED_EDGE('',*,*,#563,.F.);
#123=ORIENTED_EDGE('',*,*,#564,.T.);
#124=ORIENTED_EDGE('',*,*,#565,.T.);
#125=ORIENTED_EDGE('',*,*,#566,.T.);
#126=ORIENTED_EDGE('',*,*,#567,.T.);
#127=ORIENTED_EDGE('',*,*,#568,.T.);
#128=ORIENTED_EDGE('',*,*,#569,.F.);
#129=ORIENTED_EDGE('',*,*,#570,.T.);
#130=ORIENTED_EDGE('',*,*,#571,.T.);
#131=ORIENTED_EDGE('',*,*,#572,.T.);
#132=ORIENTED_EDGE('',*,*,#573,.F.);
#133=ORIENTED_EDGE('',*,*,#574,.T.);
#134=ORIENTED_EDGE('',*,*,#555,.F.);
#135=ORIENTED_EDGE('',*,*,#575,.T.);
#136=ORIENTED_EDGE('',*,*,#560,.T.);
#137=ORIENTED_EDGE('',*,*,#576,.T.);
#138=ORIENTED_EDGE('',*,*,#577,.F.);
#139=ORIENTED_EDGE('',*,*,#578,.T.);
#140=ORIENTED_EDGE('',*,*,#579,.T.);
#141=ORIENTED_EDGE('',*,*,#580,.T.);
#142=ORIENTED_EDGE('',*,*,#551,.T.);
#143=ORIENTED_EDGE('',*,*,#581,.T.);
#144=ORIENTED_EDGE('',*,*,#521,.F.);
#145=ORIENTED_EDGE('',*,*,#582,.T.);
#146=ORIENTED_EDGE('',*,*,#583,.T.);
#147=ORIENTED_EDGE('',*,*,#584,.T.);
#148=ORIENTED_EDGE('',*,*,#585,.T.);
#149=ORIENTED_EDGE('',*,*,#586,.T.);
#150=ORIENTED_EDGE('',*,*,#587,.T.);
#151=ORIENTED_EDGE('',*,*,#588,.T.);
#152=ORIENTED_EDGE('',*,*,#589,.T.);
#153=ORIENTED_EDGE('',*,*,#590,.T.);
#154=ORIENTED_EDGE('',*,*,#513,.T.);
#155=ORIENTED_EDGE('',*,*,#591,.T.);
#156=ORIENTED_EDGE('',*,*,#592,.T.);
#157=ORIENTED_EDGE('',*,*,#593,.T.);
#158=ORIENTED_EDGE('',*,*,#594,.T.);
#159=ORIENTED_EDGE('',*,*,#595,.T.);
#160=ORIENTED_EDGE('',*,*,#596,.T.);
#161=ORIENTED_EDGE('',*,*,#597,.T.);
#162=ORIENTED_EDGE('',*,*,#598,.T.);
#163=ORIENTED_EDGE('',*,*,#599,.T.);
#164=ORIENTED_EDGE('',*,*,#600,.T.);
#165=ORIENTED_EDGE('',*,*,#565,.F.);
#166=ORIENTED_EDGE('',*,*,#601,.T.);
#167=ORIENTED_EDGE('',*,*,#567,.F.);
#168=ORIENTED_EDGE('',*,*,#602,.T.);
#169=ORIENTED_EDGE('',*,*,#571,.F.);
#170=ORIENTED_EDGE('',*,*,#603,.T.);
#171=ORIENTED_EDGE('',*,*,#577,.T.);
#172=ORIENTED_EDGE('',*,*,#604,.T.);
#173=ORIENTED_EDGE('',*,*,#605,.F.);
#174=ORIENTED_EDGE('',*,*,#606,.F.);
#175=ORIENTED_EDGE('',*,*,#607,.F.);
#176=ORIENTED_EDGE('',*,*,#608,.F.);
#177=ORIENTED_EDGE('',*,*,#569,.T.);
#178=ORIENTED_EDGE('',*,*,#609,.T.);
#179=ORIENTED_EDGE('',*,*,#563,.T.);
#180=ORIENTED_EDGE('',*,*,#610,.T.);
#181=ORIENTED_EDGE('',*,*,#579,.F.);
#182=ORIENTED_EDGE('',*,*,#611,.T.);
#183=ORIENTED_EDGE('',*,*,#573,.T.);
#184=ORIENTED_EDGE('',*,*,#612,.T.);
#185=ORIENTED_EDGE('',*,*,#556,.T.);
#186=ORIENTED_EDGE('',*,*,#576,.F.);
#187=ORIENTED_EDGE('',*,*,#562,.F.);
#188=ORIENTED_EDGE('',*,*,#559,.T.);
#189=ORIENTED_EDGE('',*,*,#613,.F.);
#190=ORIENTED_EDGE('',*,*,#614,.F.);
#191=ORIENTED_EDGE('',*,*,#615,.F.);
#192=ORIENTED_EDGE('',*,*,#616,.F.);
#193=ORIENTED_EDGE('',*,*,#617,.F.);
#194=ORIENTED_EDGE('',*,*,#618,.F.);
#195=ORIENTED_EDGE('',*,*,#619,.F.);
#196=ORIENTED_EDGE('',*,*,#620,.F.);
#197=ORIENTED_EDGE('',*,*,#621,.F.);
#198=ORIENTED_EDGE('',*,*,#622,.F.);
#199=ORIENTED_EDGE('',*,*,#623,.F.);
#200=ORIENTED_EDGE('',*,*,#624,.F.);
#201=ORIENTED_EDGE('',*,*,#625,.F.);
#202=ORIENTED_EDGE('',*,*,#626,.F.);
#203=ORIENTED_EDGE('',*,*,#627,.F.);
#204=ORIENTED_EDGE('',*,*,#628,.F.);
#205=ORIENTED_EDGE('',*,*,#629,.F.);
#206=ORIENTED_EDGE('',*,*,#630,.F.);
#207=ORIENTED_EDGE('',*,*,#631,.F.);
#208=ORIENTED_EDGE('',*,*,#632,.F.);
#209=ORIENTED_EDGE('',*,*,#633,.F.);
#210=ORIENTED_EDGE('',*,*,#634,.F.);
#211=ORIENTED_EDGE('',*,*,#635,.F.);
#212=ORIENTED_EDGE('',*,*,#636,.F.);
#213=ORIENTED_EDGE('',*,*,#637,.F.);
#214=ORIENTED_EDGE('',*,*,#638,.F.);
#215=ORIENTED_EDGE('',*,*,#639,.F.);
#216=ORIENTED_EDGE('',*,*,#640,.F.);
#217=ORIENTED_EDGE('',*,*,#641,.F.);
#218=ORIENTED_EDGE('',*,*,#642,.T.);
#219=ORIENTED_EDGE('',*,*,#643,.F.);
#220=ORIENTED_EDGE('',*,*,#644,.F.);
#221=ORIENTED_EDGE('',*,*,#645,.F.);
#222=ORIENTED_EDGE('',*,*,#537,.F.);
#223=ORIENTED_EDGE('',*,*,#646,.F.);
#224=ORIENTED_EDGE('',*,*,#592,.F.);
#225=ORIENTED_EDGE('',*,*,#646,.T.);
#226=ORIENTED_EDGE('',*,*,#540,.F.);
#227=ORIENTED_EDGE('',*,*,#647,.F.);
#228=ORIENTED_EDGE('',*,*,#593,.F.);
#229=ORIENTED_EDGE('',*,*,#645,.T.);
#230=ORIENTED_EDGE('',*,*,#591,.F.);
#231=ORIENTED_EDGE('',*,*,#512,.F.);
#232=ORIENTED_EDGE('',*,*,#520,.F.);
#233=ORIENTED_EDGE('',*,*,#647,.T.);
#234=ORIENTED_EDGE('',*,*,#543,.F.);
#235=ORIENTED_EDGE('',*,*,#648,.F.);
#236=ORIENTED_EDGE('',*,*,#594,.F.);
#237=ORIENTED_EDGE('',*,*,#648,.T.);
#238=ORIENTED_EDGE('',*,*,#546,.F.);
#239=ORIENTED_EDGE('',*,*,#649,.F.);
#240=ORIENTED_EDGE('',*,*,#595,.F.);
#241=ORIENTED_EDGE('',*,*,#649,.T.);
#242=ORIENTED_EDGE('',*,*,#549,.F.);
#243=ORIENTED_EDGE('',*,*,#650,.F.);
#244=ORIENTED_EDGE('',*,*,#596,.F.);
#245=ORIENTED_EDGE('',*,*,#651,.F.);
#246=ORIENTED_EDGE('',*,*,#652,.F.);
#247=ORIENTED_EDGE('',*,*,#533,.F.);
#248=ORIENTED_EDGE('',*,*,#507,.T.);
#249=ORIENTED_EDGE('',*,*,#650,.T.);
#250=ORIENTED_EDGE('',*,*,#552,.F.);
#251=ORIENTED_EDGE('',*,*,#653,.F.);
#252=ORIENTED_EDGE('',*,*,#597,.F.);
#253=ORIENTED_EDGE('',*,*,#652,.T.);
#254=ORIENTED_EDGE('',*,*,#654,.T.);
#255=ORIENTED_EDGE('',*,*,#655,.F.);
#256=ORIENTED_EDGE('',*,*,#587,.F.);
#257=ORIENTED_EDGE('',*,*,#656,.F.);
#258=ORIENTED_EDGE('',*,*,#530,.F.);
#259=ORIENTED_EDGE('',*,*,#653,.T.);
#260=ORIENTED_EDGE('',*,*,#582,.F.);
#261=ORIENTED_EDGE('',*,*,#657,.F.);
#262=ORIENTED_EDGE('',*,*,#598,.F.);
#263=ORIENTED_EDGE('',*,*,#656,.T.);
#264=ORIENTED_EDGE('',*,*,#600,.F.);
#265=ORIENTED_EDGE('',*,*,#658,.F.);
#266=ORIENTED_EDGE('',*,*,#527,.F.);
#267=ORIENTED_EDGE('',*,*,#657,.T.);
#268=ORIENTED_EDGE('',*,*,#524,.F.);
#269=ORIENTED_EDGE('',*,*,#658,.T.);
#270=ORIENTED_EDGE('',*,*,#599,.F.);
#271=ORIENTED_EDGE('',*,*,#651,.T.);
#272=ORIENTED_EDGE('',*,*,#506,.T.);
#273=ORIENTED_EDGE('',*,*,#510,.T.);
#274=ORIENTED_EDGE('',*,*,#659,.F.);
#275=ORIENTED_EDGE('',*,*,#558,.F.);
#276=ORIENTED_EDGE('',*,*,#660,.F.);
#277=ORIENTED_EDGE('',*,*,#654,.F.);
#278=ORIENTED_EDGE('',*,*,#588,.F.);
#279=ORIENTED_EDGE('',*,*,#655,.T.);
#280=ORIENTED_EDGE('',*,*,#660,.T.);
#281=ORIENTED_EDGE('',*,*,#561,.F.);
#282=ORIENTED_EDGE('',*,*,#661,.F.);
#283=ORIENTED_EDGE('',*,*,#514,.F.);
#284=ORIENTED_EDGE('',*,*,#590,.F.);
#285=ORIENTED_EDGE('',*,*,#662,.F.);
#286=ORIENTED_EDGE('',*,*,#554,.F.);
#287=ORIENTED_EDGE('',*,*,#659,.T.);
#288=ORIENTED_EDGE('',*,*,#661,.T.);
#289=ORIENTED_EDGE('',*,*,#575,.F.);
#290=ORIENTED_EDGE('',*,*,#662,.T.);
#291=ORIENTED_EDGE('',*,*,#589,.F.);
#292=ORIENTED_EDGE('',*,*,#641,.T.);
#293=ORIENTED_EDGE('',*,*,#663,.F.);
#294=ORIENTED_EDGE('',*,*,#664,.F.);
#295=ORIENTED_EDGE('',*,*,#665,.T.);
#296=ORIENTED_EDGE('',*,*,#644,.T.);
#297=ORIENTED_EDGE('',*,*,#666,.F.);
#298=ORIENTED_EDGE('',*,*,#667,.F.);
#299=ORIENTED_EDGE('',*,*,#663,.T.);
#300=ORIENTED_EDGE('',*,*,#643,.T.);
#301=ORIENTED_EDGE('',*,*,#668,.F.);
#302=ORIENTED_EDGE('',*,*,#669,.F.);
#303=ORIENTED_EDGE('',*,*,#666,.T.);
#304=ORIENTED_EDGE('',*,*,#637,.T.);
#305=ORIENTED_EDGE('',*,*,#670,.F.);
#306=ORIENTED_EDGE('',*,*,#671,.F.);
#307=ORIENTED_EDGE('',*,*,#672,.T.);
#308=ORIENTED_EDGE('',*,*,#640,.T.);
#309=ORIENTED_EDGE('',*,*,#673,.F.);
#310=ORIENTED_EDGE('',*,*,#674,.F.);
#311=ORIENTED_EDGE('',*,*,#670,.T.);
#312=ORIENTED_EDGE('',*,*,#639,.T.);
#313=ORIENTED_EDGE('',*,*,#675,.F.);
#314=ORIENTED_EDGE('',*,*,#676,.F.);
#315=ORIENTED_EDGE('',*,*,#673,.T.);
#316=ORIENTED_EDGE('',*,*,#633,.T.);
#317=ORIENTED_EDGE('',*,*,#677,.F.);
#318=ORIENTED_EDGE('',*,*,#678,.F.);
#319=ORIENTED_EDGE('',*,*,#679,.T.);
#320=ORIENTED_EDGE('',*,*,#636,.T.);
#321=ORIENTED_EDGE('',*,*,#680,.F.);
#322=ORIENTED_EDGE('',*,*,#681,.F.);
#323=ORIENTED_EDGE('',*,*,#677,.T.);
#324=ORIENTED_EDGE('',*,*,#635,.T.);
#325=ORIENTED_EDGE('',*,*,#682,.F.);
#326=ORIENTED_EDGE('',*,*,#683,.F.);
#327=ORIENTED_EDGE('',*,*,#680,.T.);
#328=ORIENTED_EDGE('',*,*,#629,.T.);
#329=ORIENTED_EDGE('',*,*,#684,.F.);
#330=ORIENTED_EDGE('',*,*,#685,.F.);
#331=ORIENTED_EDGE('',*,*,#686,.T.);
#332=ORIENTED_EDGE('',*,*,#632,.T.);
#333=ORIENTED_EDGE('',*,*,#687,.F.);
#334=ORIENTED_EDGE('',*,*,#688,.F.);
#335=ORIENTED_EDGE('',*,*,#684,.T.);
#336=ORIENTED_EDGE('',*,*,#631,.T.);
#337=ORIENTED_EDGE('',*,*,#689,.F.);
#338=ORIENTED_EDGE('',*,*,#690,.F.);
#339=ORIENTED_EDGE('',*,*,#687,.T.);
#340=ORIENTED_EDGE('',*,*,#625,.T.);
#341=ORIENTED_EDGE('',*,*,#691,.F.);
#342=ORIENTED_EDGE('',*,*,#692,.F.);
#343=ORIENTED_EDGE('',*,*,#693,.T.);
#344=ORIENTED_EDGE('',*,*,#628,.T.);
#345=ORIENTED_EDGE('',*,*,#694,.F.);
#346=ORIENTED_EDGE('',*,*,#695,.F.);
#347=ORIENTED_EDGE('',*,*,#691,.T.);
#348=ORIENTED_EDGE('',*,*,#627,.T.);
#349=ORIENTED_EDGE('',*,*,#696,.F.);
#350=ORIENTED_EDGE('',*,*,#697,.F.);
#351=ORIENTED_EDGE('',*,*,#694,.T.);
#352=ORIENTED_EDGE('',*,*,#621,.T.);
#353=ORIENTED_EDGE('',*,*,#698,.F.);
#354=ORIENTED_EDGE('',*,*,#699,.F.);
#355=ORIENTED_EDGE('',*,*,#700,.T.);
#356=ORIENTED_EDGE('',*,*,#624,.T.);
#357=ORIENTED_EDGE('',*,*,#701,.F.);
#358=ORIENTED_EDGE('',*,*,#702,.F.);
#359=ORIENTED_EDGE('',*,*,#698,.T.);
#360=ORIENTED_EDGE('',*,*,#623,.T.);
#361=ORIENTED_EDGE('',*,*,#703,.F.);
#362=ORIENTED_EDGE('',*,*,#704,.F.);
#363=ORIENTED_EDGE('',*,*,#701,.T.);
#364=ORIENTED_EDGE('',*,*,#617,.T.);
#365=ORIENTED_EDGE('',*,*,#705,.F.);
#366=ORIENTED_EDGE('',*,*,#706,.F.);
#367=ORIENTED_EDGE('',*,*,#707,.T.);
#368=ORIENTED_EDGE('',*,*,#620,.T.);
#369=ORIENTED_EDGE('',*,*,#708,.F.);
#370=ORIENTED_EDGE('',*,*,#709,.F.);
#371=ORIENTED_EDGE('',*,*,#705,.T.);
#372=ORIENTED_EDGE('',*,*,#619,.T.);
#373=ORIENTED_EDGE('',*,*,#710,.F.);
#374=ORIENTED_EDGE('',*,*,#711,.F.);
#375=ORIENTED_EDGE('',*,*,#708,.T.);
#376=ORIENTED_EDGE('',*,*,#613,.T.);
#377=ORIENTED_EDGE('',*,*,#712,.F.);
#378=ORIENTED_EDGE('',*,*,#713,.F.);
#379=ORIENTED_EDGE('',*,*,#714,.T.);
#380=ORIENTED_EDGE('',*,*,#616,.T.);
#381=ORIENTED_EDGE('',*,*,#715,.F.);
#382=ORIENTED_EDGE('',*,*,#716,.F.);
#383=ORIENTED_EDGE('',*,*,#712,.T.);
#384=ORIENTED_EDGE('',*,*,#615,.T.);
#385=ORIENTED_EDGE('',*,*,#717,.F.);
#386=ORIENTED_EDGE('',*,*,#718,.F.);
#387=ORIENTED_EDGE('',*,*,#715,.T.);
#388=ORIENTED_EDGE('',*,*,#638,.T.);
#389=ORIENTED_EDGE('',*,*,#672,.F.);
#390=ORIENTED_EDGE('',*,*,#719,.F.);
#391=ORIENTED_EDGE('',*,*,#675,.T.);
#392=ORIENTED_EDGE('',*,*,#634,.T.);
#393=ORIENTED_EDGE('',*,*,#679,.F.);
#394=ORIENTED_EDGE('',*,*,#720,.F.);
#395=ORIENTED_EDGE('',*,*,#682,.T.);
#396=ORIENTED_EDGE('',*,*,#630,.T.);
#397=ORIENTED_EDGE('',*,*,#686,.F.);
#398=ORIENTED_EDGE('',*,*,#721,.F.);
#399=ORIENTED_EDGE('',*,*,#689,.T.);
#400=ORIENTED_EDGE('',*,*,#626,.T.);
#401=ORIENTED_EDGE('',*,*,#693,.F.);
#402=ORIENTED_EDGE('',*,*,#722,.F.);
#403=ORIENTED_EDGE('',*,*,#696,.T.);
#404=ORIENTED_EDGE('',*,*,#622,.T.);
#405=ORIENTED_EDGE('',*,*,#700,.F.);
#406=ORIENTED_EDGE('',*,*,#723,.F.);
#407=ORIENTED_EDGE('',*,*,#703,.T.);
#408=ORIENTED_EDGE('',*,*,#618,.T.);
#409=ORIENTED_EDGE('',*,*,#707,.F.);
#410=ORIENTED_EDGE('',*,*,#724,.F.);
#411=ORIENTED_EDGE('',*,*,#710,.T.);
#412=ORIENTED_EDGE('',*,*,#614,.T.);
#413=ORIENTED_EDGE('',*,*,#714,.F.);
#414=ORIENTED_EDGE('',*,*,#725,.F.);
#415=ORIENTED_EDGE('',*,*,#717,.T.);
#416=ORIENTED_EDGE('',*,*,#642,.F.);
#417=ORIENTED_EDGE('',*,*,#665,.F.);
#418=ORIENTED_EDGE('',*,*,#726,.T.);
#419=ORIENTED_EDGE('',*,*,#668,.T.);
#420=ORIENTED_EDGE('',*,*,#713,.T.);
#421=ORIENTED_EDGE('',*,*,#716,.T.);
#422=ORIENTED_EDGE('',*,*,#718,.T.);
#423=ORIENTED_EDGE('',*,*,#725,.T.);
#424=ORIENTED_EDGE('',*,*,#706,.T.);
#425=ORIENTED_EDGE('',*,*,#709,.T.);
#426=ORIENTED_EDGE('',*,*,#711,.T.);
#427=ORIENTED_EDGE('',*,*,#724,.T.);
#428=ORIENTED_EDGE('',*,*,#699,.T.);
#429=ORIENTED_EDGE('',*,*,#702,.T.);
#430=ORIENTED_EDGE('',*,*,#704,.T.);
#431=ORIENTED_EDGE('',*,*,#723,.T.);
#432=ORIENTED_EDGE('',*,*,#692,.T.);
#433=ORIENTED_EDGE('',*,*,#695,.T.);
#434=ORIENTED_EDGE('',*,*,#697,.T.);
#435=ORIENTED_EDGE('',*,*,#722,.T.);
#436=ORIENTED_EDGE('',*,*,#685,.T.);
#437=ORIENTED_EDGE('',*,*,#688,.T.);
#438=ORIENTED_EDGE('',*,*,#690,.T.);
#439=ORIENTED_EDGE('',*,*,#721,.T.);
#440=ORIENTED_EDGE('',*,*,#678,.T.);
#441=ORIENTED_EDGE('',*,*,#681,.T.);
#442=ORIENTED_EDGE('',*,*,#683,.T.);
#443=ORIENTED_EDGE('',*,*,#720,.T.);
#444=ORIENTED_EDGE('',*,*,#671,.T.);
#445=ORIENTED_EDGE('',*,*,#674,.T.);
#446=ORIENTED_EDGE('',*,*,#676,.T.);
#447=ORIENTED_EDGE('',*,*,#719,.T.);
#448=ORIENTED_EDGE('',*,*,#531,.F.);
#449=ORIENTED_EDGE('',*,*,#528,.T.);
#450=ORIENTED_EDGE('',*,*,#525,.F.);
#451=ORIENTED_EDGE('',*,*,#522,.F.);
#452=ORIENTED_EDGE('',*,*,#581,.F.);
#453=ORIENTED_EDGE('',*,*,#550,.T.);
#454=ORIENTED_EDGE('',*,*,#547,.F.);
#455=ORIENTED_EDGE('',*,*,#544,.T.);
#456=ORIENTED_EDGE('',*,*,#541,.F.);
#457=ORIENTED_EDGE('',*,*,#538,.T.);
#458=ORIENTED_EDGE('',*,*,#535,.F.);
#459=ORIENTED_EDGE('',*,*,#518,.F.);
#460=ORIENTED_EDGE('',*,*,#515,.T.);
#461=ORIENTED_EDGE('',*,*,#534,.T.);
#462=ORIENTED_EDGE('',*,*,#664,.T.);
#463=ORIENTED_EDGE('',*,*,#667,.T.);
#464=ORIENTED_EDGE('',*,*,#669,.T.);
#465=ORIENTED_EDGE('',*,*,#726,.F.);
#466=ORIENTED_EDGE('',*,*,#727,.F.);
#467=ORIENTED_EDGE('',*,*,#608,.T.);
#468=ORIENTED_EDGE('',*,*,#727,.T.);
#469=ORIENTED_EDGE('',*,*,#728,.F.);
#470=ORIENTED_EDGE('',*,*,#728,.T.);
#471=ORIENTED_EDGE('',*,*,#586,.F.);
#472=ORIENTED_EDGE('',*,*,#729,.F.);
#473=ORIENTED_EDGE('',*,*,#607,.T.);
#474=ORIENTED_EDGE('',*,*,#729,.T.);
#475=ORIENTED_EDGE('',*,*,#730,.F.);
#476=ORIENTED_EDGE('',*,*,#730,.T.);
#477=ORIENTED_EDGE('',*,*,#585,.F.);
#478=ORIENTED_EDGE('',*,*,#731,.F.);
#479=ORIENTED_EDGE('',*,*,#606,.T.);
#480=ORIENTED_EDGE('',*,*,#731,.T.);
#481=ORIENTED_EDGE('',*,*,#732,.F.);
#482=ORIENTED_EDGE('',*,*,#732,.T.);
#483=ORIENTED_EDGE('',*,*,#584,.F.);
#484=ORIENTED_EDGE('',*,*,#733,.F.);
#485=ORIENTED_EDGE('',*,*,#605,.T.);
#486=ORIENTED_EDGE('',*,*,#733,.T.);
#487=ORIENTED_EDGE('',*,*,#734,.F.);
#488=ORIENTED_EDGE('',*,*,#734,.T.);
#489=ORIENTED_EDGE('',*,*,#583,.F.);
#490=ORIENTED_EDGE('',*,*,#601,.F.);
#491=ORIENTED_EDGE('',*,*,#564,.F.);
#492=ORIENTED_EDGE('',*,*,#609,.F.);
#493=ORIENTED_EDGE('',*,*,#568,.F.);
#494=ORIENTED_EDGE('',*,*,#602,.F.);
#495=ORIENTED_EDGE('',*,*,#570,.F.);
#496=ORIENTED_EDGE('',*,*,#612,.F.);
#497=ORIENTED_EDGE('',*,*,#572,.F.);
#498=ORIENTED_EDGE('',*,*,#603,.F.);
#499=ORIENTED_EDGE('',*,*,#574,.F.);
#500=ORIENTED_EDGE('',*,*,#611,.F.);
#501=ORIENTED_EDGE('',*,*,#578,.F.);
#502=ORIENTED_EDGE('',*,*,#604,.F.);
#503=ORIENTED_EDGE('',*,*,#580,.F.);
#504=ORIENTED_EDGE('',*,*,#610,.F.);
#505=ORIENTED_EDGE('',*,*,#566,.F.);
#506=EDGE_CURVE('',#735,#736,#887,.T.);
#507=EDGE_CURVE('',#737,#735,#888,.T.);
#508=EDGE_CURVE('',#738,#737,#889,.T.);
#509=EDGE_CURVE('',#738,#736,#890,.T.);
#510=EDGE_CURVE('',#736,#739,#891,.F.);
#511=EDGE_CURVE('',#740,#738,#892,.T.);
#512=EDGE_CURVE('',#740,#741,#893,.F.);
#513=EDGE_CURVE('',#742,#741,#894,.T.);
#514=EDGE_CURVE('',#742,#739,#895,.F.);
#515=EDGE_CURVE('',#743,#744,#896,.T.);
#516=EDGE_CURVE('',#740,#743,#897,.T.);
#517=EDGE_CURVE('',#738,#744,#898,.T.);
#518=EDGE_CURVE('',#743,#745,#899,.T.);
#519=EDGE_CURVE('',#746,#745,#900,.T.);
#520=EDGE_CURVE('',#746,#740,#901,.T.);
#521=EDGE_CURVE('',#747,#748,#902,.T.);
#522=EDGE_CURVE('',#748,#749,#903,.T.);
#523=EDGE_CURVE('',#750,#749,#904,.T.);
#524=EDGE_CURVE('',#750,#747,#905,.T.);
#525=EDGE_CURVE('',#749,#751,#906,.T.);
#526=EDGE_CURVE('',#752,#751,#907,.T.);
#527=EDGE_CURVE('',#752,#750,#908,.T.);
#528=EDGE_CURVE('',#753,#751,#909,.T.);
#529=EDGE_CURVE('',#754,#753,#910,.T.);
#530=EDGE_CURVE('',#754,#752,#911,.T.);
#531=EDGE_CURVE('',#753,#755,#912,.T.);
#532=EDGE_CURVE('',#737,#755,#913,.T.);
#533=EDGE_CURVE('',#737,#754,#914,.T.);
#534=EDGE_CURVE('',#744,#755,#915,.T.);
#535=EDGE_CURVE('',#745,#756,#916,.T.);
#536=EDGE_CURVE('',#757,#756,#917,.T.);
#537=EDGE_CURVE('',#757,#746,#918,.T.);
#538=EDGE_CURVE('',#758,#756,#919,.T.);
#539=EDGE_CURVE('',#759,#758,#920,.T.);
#540=EDGE_CURVE('',#759,#757,#921,.T.);
#541=EDGE_CURVE('',#758,#760,#922,.T.);
#542=EDGE_CURVE('',#761,#760,#923,.T.);
#543=EDGE_CURVE('',#761,#759,#924,.T.);
#544=EDGE_CURVE('',#762,#760,#925,.T.);
#545=EDGE_CURVE('',#763,#762,#926,.T.);
#546=EDGE_CURVE('',#763,#761,#927,.T.);
#547=EDGE_CURVE('',#762,#764,#928,.T.);
#548=EDGE_CURVE('',#765,#764,#929,.T.);
#549=EDGE_CURVE('',#765,#763,#930,.T.);
#550=EDGE_CURVE('',#766,#764,#931,.T.);
#551=EDGE_CURVE('',#767,#766,#932,.T.);
#552=EDGE_CURVE('',#767,#765,#933,.T.);
#553=EDGE_CURVE('',#768,#769,#934,.T.);
#554=EDGE_CURVE('',#768,#770,#935,.T.);
#555=EDGE_CURVE('',#770,#771,#936,.T.);
#556=EDGE_CURVE('',#769,#771,#937,.T.);
#557=EDGE_CURVE('',#772,#773,#938,.T.);
#558=EDGE_CURVE('',#772,#768,#939,.T.);
#559=EDGE_CURVE('',#773,#769,#940,.T.);
#560=EDGE_CURVE('',#774,#775,#941,.T.);
#561=EDGE_CURVE('',#774,#772,#942,.T.);
#562=EDGE_CURVE('',#773,#775,#943,.T.);
#563=EDGE_CURVE('',#776,#777,#944,.T.);
#564=EDGE_CURVE('',#776,#778,#945,.F.);
#565=EDGE_CURVE('',#778,#779,#946,.T.);
#566=EDGE_CURVE('',#779,#777,#947,.T.);
#567=EDGE_CURVE('',#780,#781,#948,.T.);
#568=EDGE_CURVE('',#781,#782,#949,.T.);
#569=EDGE_CURVE('',#783,#782,#950,.T.);
#570=EDGE_CURVE('',#783,#780,#951,.F.);
#571=EDGE_CURVE('',#784,#785,#952,.T.);
#572=EDGE_CURVE('',#785,#786,#953,.T.);
#573=EDGE_CURVE('',#787,#786,#954,.T.);
#574=EDGE_CURVE('',#787,#784,#955,.F.);
#575=EDGE_CURVE('',#770,#774,#956,.T.);
#576=EDGE_CURVE('',#775,#771,#957,.T.);
#577=EDGE_CURVE('',#788,#789,#958,.T.);
#578=EDGE_CURVE('',#788,#790,#959,.T.);
#579=EDGE_CURVE('',#790,#791,#960,.T.);
#580=EDGE_CURVE('',#791,#789,#961,.F.);
#581=EDGE_CURVE('',#766,#748,#962,.T.);
#582=EDGE_CURVE('',#747,#767,#963,.T.);
#583=EDGE_CURVE('',#792,#792,#40,.F.);
#584=EDGE_CURVE('',#793,#793,#41,.F.);
#585=EDGE_CURVE('',#794,#794,#42,.F.);
#586=EDGE_CURVE('',#795,#795,#43,.F.);
#587=EDGE_CURVE('',#796,#797,#964,.F.);
#588=EDGE_CURVE('',#797,#798,#965,.T.);
#589=EDGE_CURVE('',#798,#799,#966,.T.);
#590=EDGE_CURVE('',#799,#742,#967,.F.);
#591=EDGE_CURVE('',#741,#800,#968,.F.);
#592=EDGE_CURVE('',#800,#801,#969,.T.);
#593=EDGE_CURVE('',#801,#802,#970,.F.);
#594=EDGE_CURVE('',#802,#803,#971,.T.);
#595=EDGE_CURVE('',#803,#804,#972,.F.);
#596=EDGE_CURVE('',#804,#805,#973,.T.);
#597=EDGE_CURVE('',#805,#806,#974,.F.);
#598=EDGE_CURVE('',#806,#807,#975,.T.);
#599=EDGE_CURVE('',#807,#808,#976,.T.);
#600=EDGE_CURVE('',#808,#796,#977,.T.);
#601=EDGE_CURVE('',#778,#781,#44,.T.);
#602=EDGE_CURVE('',#780,#785,#45,.T.);
#603=EDGE_CURVE('',#784,#788,#46,.T.);
#604=EDGE_CURVE('',#789,#779,#47,.T.);
#605=EDGE_CURVE('',#809,#809,#24,.F.);
#606=EDGE_CURVE('',#810,#810,#25,.F.);
#607=EDGE_CURVE('',#811,#811,#26,.F.);
#608=EDGE_CURVE('',#812,#812,#27,.F.);
#609=EDGE_CURVE('',#782,#776,#28,.F.);
#610=EDGE_CURVE('',#777,#791,#29,.F.);
#611=EDGE_CURVE('',#790,#787,#30,.F.);
#612=EDGE_CURVE('',#786,#783,#31,.F.);
#613=EDGE_CURVE('',#813,#814,#978,.T.);
#614=EDGE_CURVE('',#815,#813,#979,.T.);
#615=EDGE_CURVE('',#816,#815,#980,.T.);
#616=EDGE_CURVE('',#814,#816,#981,.T.);
#617=EDGE_CURVE('',#817,#818,#982,.T.);
#618=EDGE_CURVE('',#819,#817,#983,.T.);
#619=EDGE_CURVE('',#820,#819,#984,.T.);
#620=EDGE_CURVE('',#818,#820,#985,.T.);
#621=EDGE_CURVE('',#821,#822,#986,.T.);
#622=EDGE_CURVE('',#823,#821,#987,.T.);
#623=EDGE_CURVE('',#824,#823,#988,.T.);
#624=EDGE_CURVE('',#822,#824,#989,.T.);
#625=EDGE_CURVE('',#825,#826,#990,.T.);
#626=EDGE_CURVE('',#827,#825,#991,.T.);
#627=EDGE_CURVE('',#828,#827,#992,.T.);
#628=EDGE_CURVE('',#826,#828,#993,.T.);
#629=EDGE_CURVE('',#829,#830,#994,.T.);
#630=EDGE_CURVE('',#831,#829,#995,.T.);
#631=EDGE_CURVE('',#832,#831,#996,.T.);
#632=EDGE_CURVE('',#830,#832,#997,.T.);
#633=EDGE_CURVE('',#833,#834,#998,.T.);
#634=EDGE_CURVE('',#835,#833,#999,.T.);
#635=EDGE_CURVE('',#836,#835,#1000,.T.);
#636=EDGE_CURVE('',#834,#836,#1001,.T.);
#637=EDGE_CURVE('',#837,#838,#1002,.T.);
#638=EDGE_CURVE('',#839,#837,#1003,.T.);
#639=EDGE_CURVE('',#840,#839,#1004,.T.);
#640=EDGE_CURVE('',#838,#840,#1005,.T.);
#641=EDGE_CURVE('',#841,#842,#1006,.T.);
#642=EDGE_CURVE('',#841,#843,#1007,.T.);
#643=EDGE_CURVE('',#844,#843,#1008,.T.);
#644=EDGE_CURVE('',#842,#844,#1009,.T.);
#645=EDGE_CURVE('',#746,#800,#1010,.F.);
#646=EDGE_CURVE('',#801,#757,#1011,.T.);
#647=EDGE_CURVE('',#802,#759,#1012,.T.);
#648=EDGE_CURVE('',#803,#761,#1013,.T.);
#649=EDGE_CURVE('',#804,#763,#1014,.T.);
#650=EDGE_CURVE('',#805,#765,#1015,.T.);
#651=EDGE_CURVE('',#845,#735,#1016,.F.);
#652=EDGE_CURVE('',#754,#845,#1017,.T.);
#653=EDGE_CURVE('',#806,#767,#1018,.T.);
#654=EDGE_CURVE('',#845,#846,#1019,.T.);
#655=EDGE_CURVE('',#797,#846,#1020,.F.);
#656=EDGE_CURVE('',#752,#796,#1021,.T.);
#657=EDGE_CURVE('',#807,#747,#1022,.F.);
#658=EDGE_CURVE('',#750,#808,#1023,.F.);
#659=EDGE_CURVE('',#768,#739,#1024,.F.);
#660=EDGE_CURVE('',#846,#772,#1025,.F.);
#661=EDGE_CURVE('',#798,#774,#1026,.F.);
#662=EDGE_CURVE('',#770,#799,#1027,.T.);
#663=EDGE_CURVE('',#847,#842,#1028,.T.);
#664=EDGE_CURVE('',#848,#847,#1029,.T.);
#665=EDGE_CURVE('',#848,#841,#1030,.T.);
#666=EDGE_CURVE('',#849,#844,#1031,.T.);
#667=EDGE_CURVE('',#847,#849,#1032,.T.);
#668=EDGE_CURVE('',#850,#843,#1033,.T.);
#669=EDGE_CURVE('',#849,#850,#1034,.T.);
#670=EDGE_CURVE('',#851,#838,#1035,.T.);
#671=EDGE_CURVE('',#852,#851,#1036,.T.);
#672=EDGE_CURVE('',#852,#837,#1037,.T.);
#673=EDGE_CURVE('',#853,#840,#1038,.T.);
#674=EDGE_CURVE('',#851,#853,#1039,.T.);
#675=EDGE_CURVE('',#854,#839,#1040,.T.);
#676=EDGE_CURVE('',#853,#854,#1041,.T.);
#677=EDGE_CURVE('',#855,#834,#1042,.T.);
#678=EDGE_CURVE('',#856,#855,#1043,.T.);
#679=EDGE_CURVE('',#856,#833,#1044,.T.);
#680=EDGE_CURVE('',#857,#836,#1045,.T.);
#681=EDGE_CURVE('',#855,#857,#1046,.T.);
#682=EDGE_CURVE('',#858,#835,#1047,.T.);
#683=EDGE_CURVE('',#857,#858,#1048,.T.);
#684=EDGE_CURVE('',#859,#830,#1049,.T.);
#685=EDGE_CURVE('',#860,#859,#1050,.T.);
#686=EDGE_CURVE('',#860,#829,#1051,.T.);
#687=EDGE_CURVE('',#861,#832,#1052,.T.);
#688=EDGE_CURVE('',#859,#861,#1053,.T.);
#689=EDGE_CURVE('',#862,#831,#1054,.T.);
#690=EDGE_CURVE('',#861,#862,#1055,.T.);
#691=EDGE_CURVE('',#863,#826,#1056,.T.);
#692=EDGE_CURVE('',#864,#863,#1057,.T.);
#693=EDGE_CURVE('',#864,#825,#1058,.T.);
#694=EDGE_CURVE('',#865,#828,#1059,.T.);
#695=EDGE_CURVE('',#863,#865,#1060,.T.);
#696=EDGE_CURVE('',#866,#827,#1061,.T.);
#697=EDGE_CURVE('',#865,#866,#1062,.T.);
#698=EDGE_CURVE('',#867,#822,#1063,.T.);
#699=EDGE_CURVE('',#868,#867,#1064,.T.);
#700=EDGE_CURVE('',#868,#821,#1065,.T.);
#701=EDGE_CURVE('',#869,#824,#1066,.T.);
#702=EDGE_CURVE('',#867,#869,#1067,.T.);
#703=EDGE_CURVE('',#870,#823,#1068,.T.);
#704=EDGE_CURVE('',#869,#870,#1069,.T.);
#705=EDGE_CURVE('',#871,#818,#1070,.T.);
#706=EDGE_CURVE('',#872,#871,#1071,.T.);
#707=EDGE_CURVE('',#872,#817,#1072,.T.);
#708=EDGE_CURVE('',#873,#820,#1073,.T.);
#709=EDGE_CURVE('',#871,#873,#1074,.T.);
#710=EDGE_CURVE('',#874,#819,#1075,.T.);
#711=EDGE_CURVE('',#873,#874,#1076,.T.);
#712=EDGE_CURVE('',#875,#814,#1077,.T.);
#713=EDGE_CURVE('',#876,#875,#1078,.T.);
#714=EDGE_CURVE('',#876,#813,#1079,.T.);
#715=EDGE_CURVE('',#877,#816,#1080,.T.);
#716=EDGE_CURVE('',#875,#877,#1081,.T.);
#717=EDGE_CURVE('',#878,#815,#1082,.T.);
#718=EDGE_CURVE('',#877,#878,#1083,.T.);
#719=EDGE_CURVE('',#854,#852,#1084,.T.);
#720=EDGE_CURVE('',#858,#856,#1085,.T.);
#721=EDGE_CURVE('',#862,#860,#1086,.T.);
#722=EDGE_CURVE('',#866,#864,#1087,.T.);
#723=EDGE_CURVE('',#870,#868,#1088,.T.);
#724=EDGE_CURVE('',#874,#872,#1089,.T.);
#725=EDGE_CURVE('',#878,#876,#1090,.T.);
#726=EDGE_CURVE('',#848,#850,#1091,.T.);
#727=EDGE_CURVE('',#879,#879,#32,.T.);
#728=EDGE_CURVE('',#880,#880,#33,.T.);
#729=EDGE_CURVE('',#881,#881,#34,.T.);
#730=EDGE_CURVE('',#882,#882,#35,.T.);
#731=EDGE_CURVE('',#883,#883,#36,.T.);
#732=EDGE_CURVE('',#884,#884,#37,.T.);
#733=EDGE_CURVE('',#885,#885,#38,.T.);
#734=EDGE_CURVE('',#886,#886,#39,.T.);
#735=VERTEX_POINT('',#2293);
#736=VERTEX_POINT('',#2294);
#737=VERTEX_POINT('',#2296);
#738=VERTEX_POINT('',#2298);
#739=VERTEX_POINT('',#2302);
#740=VERTEX_POINT('',#2304);
#741=VERTEX_POINT('',#2306);
#742=VERTEX_POINT('',#2308);
#743=VERTEX_POINT('',#2312);
#744=VERTEX_POINT('',#2313);
#745=VERTEX_POINT('',#2318);
#746=VERTEX_POINT('',#2320);
#747=VERTEX_POINT('',#2324);
#748=VERTEX_POINT('',#2325);
#749=VERTEX_POINT('',#2327);
#750=VERTEX_POINT('',#2329);
#751=VERTEX_POINT('',#2333);
#752=VERTEX_POINT('',#2335);
#753=VERTEX_POINT('',#2339);
#754=VERTEX_POINT('',#2341);
#755=VERTEX_POINT('',#2345);
#756=VERTEX_POINT('',#2352);
#757=VERTEX_POINT('',#2354);
#758=VERTEX_POINT('',#2358);
#759=VERTEX_POINT('',#2360);
#760=VERTEX_POINT('',#2364);
#761=VERTEX_POINT('',#2366);
#762=VERTEX_POINT('',#2370);
#763=VERTEX_POINT('',#2372);
#764=VERTEX_POINT('',#2376);
#765=VERTEX_POINT('',#2378);
#766=VERTEX_POINT('',#2382);
#767=VERTEX_POINT('',#2384);
#768=VERTEX_POINT('',#2388);
#769=VERTEX_POINT('',#2389);
#770=VERTEX_POINT('',#2391);
#771=VERTEX_POINT('',#2393);
#772=VERTEX_POINT('',#2397);
#773=VERTEX_POINT('',#2398);
#774=VERTEX_POINT('',#2403);
#775=VERTEX_POINT('',#2404);
#776=VERTEX_POINT('',#2409);
#777=VERTEX_POINT('',#2410);
#778=VERTEX_POINT('',#2412);
#779=VERTEX_POINT('',#2414);
#780=VERTEX_POINT('',#2418);
#781=VERTEX_POINT('',#2419);
#782=VERTEX_POINT('',#2421);
#783=VERTEX_POINT('',#2423);
#784=VERTEX_POINT('',#2427);
#785=VERTEX_POINT('',#2428);
#786=VERTEX_POINT('',#2430);
#787=VERTEX_POINT('',#2432);
#788=VERTEX_POINT('',#2439);
#789=VERTEX_POINT('',#2440);
#790=VERTEX_POINT('',#2442);
#791=VERTEX_POINT('',#2444);
#792=VERTEX_POINT('',#2451);
#793=VERTEX_POINT('',#2453);
#794=VERTEX_POINT('',#2455);
#795=VERTEX_POINT('',#2457);
#796=VERTEX_POINT('',#2459);
#797=VERTEX_POINT('',#2460);
#798=VERTEX_POINT('',#2462);
#799=VERTEX_POINT('',#2464);
#800=VERTEX_POINT('',#2467);
#801=VERTEX_POINT('',#2469);
#802=VERTEX_POINT('',#2471);
#803=VERTEX_POINT('',#2473);
#804=VERTEX_POINT('',#2475);
#805=VERTEX_POINT('',#2477);
#806=VERTEX_POINT('',#2479);
#807=VERTEX_POINT('',#2481);
#808=VERTEX_POINT('',#2483);
#809=VERTEX_POINT('',#2491);
#810=VERTEX_POINT('',#2493);
#811=VERTEX_POINT('',#2495);
#812=VERTEX_POINT('',#2497);
#813=VERTEX_POINT('',#2503);
#814=VERTEX_POINT('',#2504);
#815=VERTEX_POINT('',#2506);
#816=VERTEX_POINT('',#2508);
#817=VERTEX_POINT('',#2511);
#818=VERTEX_POINT('',#2512);
#819=VERTEX_POINT('',#2514);
#820=VERTEX_POINT('',#2516);
#821=VERTEX_POINT('',#2519);
#822=VERTEX_POINT('',#2520);
#823=VERTEX_POINT('',#2522);
#824=VERTEX_POINT('',#2524);
#825=VERTEX_POINT('',#2527);
#826=VERTEX_POINT('',#2528);
#827=VERTEX_POINT('',#2530);
#828=VERTEX_POINT('',#2532);
#829=VERTEX_POINT('',#2535);
#830=VERTEX_POINT('',#2536);
#831=VERTEX_POINT('',#2538);
#832=VERTEX_POINT('',#2540);
#833=VERTEX_POINT('',#2543);
#834=VERTEX_POINT('',#2544);
#835=VERTEX_POINT('',#2546);
#836=VERTEX_POINT('',#2548);
#837=VERTEX_POINT('',#2551);
#838=VERTEX_POINT('',#2552);
#839=VERTEX_POINT('',#2554);
#840=VERTEX_POINT('',#2556);
#841=VERTEX_POINT('',#2559);
#842=VERTEX_POINT('',#2560);
#843=VERTEX_POINT('',#2562);
#844=VERTEX_POINT('',#2564);
#845=VERTEX_POINT('',#2580);
#846=VERTEX_POINT('',#2586);
#847=VERTEX_POINT('',#2604);
#848=VERTEX_POINT('',#2606);
#849=VERTEX_POINT('',#2610);
#850=VERTEX_POINT('',#2614);
#851=VERTEX_POINT('',#2618);
#852=VERTEX_POINT('',#2620);
#853=VERTEX_POINT('',#2624);
#854=VERTEX_POINT('',#2628);
#855=VERTEX_POINT('',#2632);
#856=VERTEX_POINT('',#2634);
#857=VERTEX_POINT('',#2638);
#858=VERTEX_POINT('',#2642);
#859=VERTEX_POINT('',#2646);
#860=VERTEX_POINT('',#2648);
#861=VERTEX_POINT('',#2652);
#862=VERTEX_POINT('',#2656);
#863=VERTEX_POINT('',#2660);
#864=VERTEX_POINT('',#2662);
#865=VERTEX_POINT('',#2666);
#866=VERTEX_POINT('',#2670);
#867=VERTEX_POINT('',#2674);
#868=VERTEX_POINT('',#2676);
#869=VERTEX_POINT('',#2680);
#870=VERTEX_POINT('',#2684);
#871=VERTEX_POINT('',#2688);
#872=VERTEX_POINT('',#2690);
#873=VERTEX_POINT('',#2694);
#874=VERTEX_POINT('',#2698);
#875=VERTEX_POINT('',#2702);
#876=VERTEX_POINT('',#2704);
#877=VERTEX_POINT('',#2708);
#878=VERTEX_POINT('',#2712);
#879=VERTEX_POINT('',#2733);
#880=VERTEX_POINT('',#2736);
#881=VERTEX_POINT('',#2740);
#882=VERTEX_POINT('',#2743);
#883=VERTEX_POINT('',#2747);
#884=VERTEX_POINT('',#2750);
#885=VERTEX_POINT('',#2754);
#886=VERTEX_POINT('',#2757);
#887=LINE('',#2292,#1092);
#888=LINE('',#2295,#1093);
#889=LINE('',#2297,#1094);
#890=LINE('',#2299,#1095);
#891=LINE('',#2301,#1096);
#892=LINE('',#2303,#1097);
#893=LINE('',#2305,#1098);
#894=LINE('',#2307,#1099);
#895=LINE('',#2309,#1100);
#896=LINE('',#2311,#1101);
#897=LINE('',#2314,#1102);
#898=LINE('',#2315,#1103);
#899=LINE('',#2317,#1104);
#900=LINE('',#2319,#1105);
#901=LINE('',#2321,#1106);
#902=LINE('',#2323,#1107);
#903=LINE('',#2326,#1108);
#904=LINE('',#2328,#1109);
#905=LINE('',#2330,#1110);
#906=LINE('',#2332,#1111);
#907=LINE('',#2334,#1112);
#908=LINE('',#2336,#1113);
#909=LINE('',#2338,#1114);
#910=LINE('',#2340,#1115);
#911=LINE('',#2342,#1116);
#912=LINE('',#2344,#1117);
#913=LINE('',#2346,#1118);
#914=LINE('',#2347,#1119);
#915=LINE('',#2349,#1120);
#916=LINE('',#2351,#1121);
#917=LINE('',#2353,#1122);
#918=LINE('',#2355,#1123);
#919=LINE('',#2357,#1124);
#920=LINE('',#2359,#1125);
#921=LINE('',#2361,#1126);
#922=LINE('',#2363,#1127);
#923=LINE('',#2365,#1128);
#924=LINE('',#2367,#1129);
#925=LINE('',#2369,#1130);
#926=LINE('',#2371,#1131);
#927=LINE('',#2373,#1132);
#928=LINE('',#2375,#1133);
#929=LINE('',#2377,#1134);
#930=LINE('',#2379,#1135);
#931=LINE('',#2381,#1136);
#932=LINE('',#2383,#1137);
#933=LINE('',#2385,#1138);
#934=LINE('',#2387,#1139);
#935=LINE('',#2390,#1140);
#936=LINE('',#2392,#1141);
#937=LINE('',#2394,#1142);
#938=LINE('',#2396,#1143);
#939=LINE('',#2399,#1144);
#940=LINE('',#2400,#1145);
#941=LINE('',#2402,#1146);
#942=LINE('',#2405,#1147);
#943=LINE('',#2406,#1148);
#944=LINE('',#2408,#1149);
#945=LINE('',#2411,#1150);
#946=LINE('',#2413,#1151);
#947=LINE('',#2415,#1152);
#948=LINE('',#2417,#1153);
#949=LINE('',#2420,#1154);
#950=LINE('',#2422,#1155);
#951=LINE('',#2424,#1156);
#952=LINE('',#2426,#1157);
#953=LINE('',#2429,#1158);
#954=LINE('',#2431,#1159);
#955=LINE('',#2433,#1160);
#956=LINE('',#2435,#1161);
#957=LINE('',#2436,#1162);
#958=LINE('',#2438,#1163);
#959=LINE('',#2441,#1164);
#960=LINE('',#2443,#1165);
#961=LINE('',#2445,#1166);
#962=LINE('',#2447,#1167);
#963=LINE('',#2448,#1168);
#964=LINE('',#2458,#1169);
#965=LINE('',#2461,#1170);
#966=LINE('',#2463,#1171);
#967=LINE('',#2465,#1172);
#968=LINE('',#2466,#1173);
#969=LINE('',#2468,#1174);
#970=LINE('',#2470,#1175);
#971=LINE('',#2472,#1176);
#972=LINE('',#2474,#1177);
#973=LINE('',#2476,#1178);
#974=LINE('',#2478,#1179);
#975=LINE('',#2480,#1180);
#976=LINE('',#2482,#1181);
#977=LINE('',#2484,#1182);
#978=LINE('',#2502,#1183);
#979=LINE('',#2505,#1184);
#980=LINE('',#2507,#1185);
#981=LINE('',#2509,#1186);
#982=LINE('',#2510,#1187);
#983=LINE('',#2513,#1188);
#984=LINE('',#2515,#1189);
#985=LINE('',#2517,#1190);
#986=LINE('',#2518,#1191);
#987=LINE('',#2521,#1192);
#988=LINE('',#2523,#1193);
#989=LINE('',#2525,#1194);
#990=LINE('',#2526,#1195);
#991=LINE('',#2529,#1196);
#992=LINE('',#2531,#1197);
#993=LINE('',#2533,#1198);
#994=LINE('',#2534,#1199);
#995=LINE('',#2537,#1200);
#996=LINE('',#2539,#1201);
#997=LINE('',#2541,#1202);
#998=LINE('',#2542,#1203);
#999=LINE('',#2545,#1204);
#1000=LINE('',#2547,#1205);
#1001=LINE('',#2549,#1206);
#1002=LINE('',#2550,#1207);
#1003=LINE('',#2553,#1208);
#1004=LINE('',#2555,#1209);
#1005=LINE('',#2557,#1210);
#1006=LINE('',#2558,#1211);
#1007=LINE('',#2561,#1212);
#1008=LINE('',#2563,#1213);
#1009=LINE('',#2565,#1214);
#1010=LINE('',#2567,#1215);
#1011=LINE('',#2568,#1216);
#1012=LINE('',#2570,#1217);
#1013=LINE('',#2573,#1218);
#1014=LINE('',#2575,#1219);
#1015=LINE('',#2577,#1220);
#1016=LINE('',#2579,#1221);
#1017=LINE('',#2581,#1222);
#1018=LINE('',#2583,#1223);
#1019=LINE('',#2585,#1224);
#1020=LINE('',#2587,#1225);
#1021=LINE('',#2588,#1226);
#1022=LINE('',#2590,#1227);
#1023=LINE('',#2592,#1228);
#1024=LINE('',#2595,#1229);
#1025=LINE('',#2596,#1230);
#1026=LINE('',#2598,#1231);
#1027=LINE('',#2600,#1232);
#1028=LINE('',#2603,#1233);
#1029=LINE('',#2605,#1234);
#1030=LINE('',#2607,#1235);
#1031=LINE('',#2609,#1236);
#1032=LINE('',#2611,#1237);
#1033=LINE('',#2613,#1238);
#1034=LINE('',#2615,#1239);
#1035=LINE('',#2617,#1240);
#1036=LINE('',#2619,#1241);
#1037=LINE('',#2621,#1242);
#1038=LINE('',#2623,#1243);
#1039=LINE('',#2625,#1244);
#1040=LINE('',#2627,#1245);
#1041=LINE('',#2629,#1246);
#1042=LINE('',#2631,#1247);
#1043=LINE('',#2633,#1248);
#1044=LINE('',#2635,#1249);
#1045=LINE('',#2637,#1250);
#1046=LINE('',#2639,#1251);
#1047=LINE('',#2641,#1252);
#1048=LINE('',#2643,#1253);
#1049=LINE('',#2645,#1254);
#1050=LINE('',#2647,#1255);
#1051=LINE('',#2649,#1256);
#1052=LINE('',#2651,#1257);
#1053=LINE('',#2653,#1258);
#1054=LINE('',#2655,#1259);
#1055=LINE('',#2657,#1260);
#1056=LINE('',#2659,#1261);
#1057=LINE('',#2661,#1262);
#1058=LINE('',#2663,#1263);
#1059=LINE('',#2665,#1264);
#1060=LINE('',#2667,#1265);
#1061=LINE('',#2669,#1266);
#1062=LINE('',#2671,#1267);
#1063=LINE('',#2673,#1268);
#1064=LINE('',#2675,#1269);
#1065=LINE('',#2677,#1270);
#1066=LINE('',#2679,#1271);
#1067=LINE('',#2681,#1272);
#1068=LINE('',#2683,#1273);
#1069=LINE('',#2685,#1274);
#1070=LINE('',#2687,#1275);
#1071=LINE('',#2689,#1276);
#1072=LINE('',#2691,#1277);
#1073=LINE('',#2693,#1278);
#1074=LINE('',#2695,#1279);
#1075=LINE('',#2697,#1280);
#1076=LINE('',#2699,#1281);
#1077=LINE('',#2701,#1282);
#1078=LINE('',#2703,#1283);
#1079=LINE('',#2705,#1284);
#1080=LINE('',#2707,#1285);
#1081=LINE('',#2709,#1286);
#1082=LINE('',#2711,#1287);
#1083=LINE('',#2713,#1288);
#1084=LINE('',#2715,#1289);
#1085=LINE('',#2717,#1290);
#1086=LINE('',#2719,#1291);
#1087=LINE('',#2721,#1292);
#1088=LINE('',#2723,#1293);
#1089=LINE('',#2725,#1294);
#1090=LINE('',#2727,#1295);
#1091=LINE('',#2729,#1296);
#1092=VECTOR('',#1857,1.);
#1093=VECTOR('',#1858,1.);
#1094=VECTOR('',#1859,1.);
#1095=VECTOR('',#1860,1.);
#1096=VECTOR('',#1863,1.);
#1097=VECTOR('',#1864,1.);
#1098=VECTOR('',#1865,1.);
#1099=VECTOR('',#1866,1.);
#1100=VECTOR('',#1867,1.);
#1101=VECTOR('',#1870,1.);
#1102=VECTOR('',#1871,1.);
#1103=VECTOR('',#1872,1.);
#1104=VECTOR('',#1875,1.);
#1105=VECTOR('',#1876,1.);
#1106=VECTOR('',#1877,1.);
#1107=VECTOR('',#1880,1.);
#1108=VECTOR('',#1881,1.);
#1109=VECTOR('',#1882,1.);
#1110=VECTOR('',#1883,1.);
#1111=VECTOR('',#1886,1.);
#1112=VECTOR('',#1887,1.);
#1113=VECTOR('',#1888,1.);
#1114=VECTOR('',#1891,1.);
#1115=VECTOR('',#1892,1.);
#1116=VECTOR('',#1893,1.);
#1117=VECTOR('',#1896,1.);
#1118=VECTOR('',#1897,1.);
#1119=VECTOR('',#1898,1.);
#1120=VECTOR('',#1901,1.);
#1121=VECTOR('',#1904,1.);
#1122=VECTOR('',#1905,1.);
#1123=VECTOR('',#1906,1.);
#1124=VECTOR('',#1909,1.);
#1125=VECTOR('',#1910,1.);
#1126=VECTOR('',#1911,1.);
#1127=VECTOR('',#1914,1.);
#1128=VECTOR('',#1915,1.);
#1129=VECTOR('',#1916,1.);
#1130=VECTOR('',#1919,1.);
#1131=VECTOR('',#1920,1.);
#1132=VECTOR('',#1921,1.);
#1133=VECTOR('',#1924,1.);
#1134=VECTOR('',#1925,1.);
#1135=VECTOR('',#1926,1.);
#1136=VECTOR('',#1929,1.);
#1137=VECTOR('',#1930,1.);
#1138=VECTOR('',#1931,1.);
#1139=VECTOR('',#1934,1.);
#1140=VECTOR('',#1935,1.);
#1141=VECTOR('',#1936,1.);
#1142=VECTOR('',#1937,1.);
#1143=VECTOR('',#1940,1.);
#1144=VECTOR('',#1941,1.);
#1145=VECTOR('',#1942,1.);
#1146=VECTOR('',#1945,1.);
#1147=VECTOR('',#1946,1.);
#1148=VECTOR('',#1947,1.);
#1149=VECTOR('',#1950,1.);
#1150=VECTOR('',#1951,1.);
#1151=VECTOR('',#1952,1.);
#1152=VECTOR('',#1953,1.);
#1153=VECTOR('',#1956,1.);
#1154=VECTOR('',#1957,1.);
#1155=VECTOR('',#1958,1.);
#1156=VECTOR('',#1959,1.);
#1157=VECTOR('',#1962,1.);
#1158=VECTOR('',#1963,1.);
#1159=VECTOR('',#1964,1.);
#1160=VECTOR('',#1965,1.);
#1161=VECTOR('',#1968,1.);
#1162=VECTOR('',#1969,1.);
#1163=VECTOR('',#1972,1.);
#1164=VECTOR('',#1973,1.);
#1165=VECTOR('',#1974,1.);
#1166=VECTOR('',#1975,1.);
#1167=VECTOR('',#1978,1.);
#1168=VECTOR('',#1979,1.);
#1169=VECTOR('',#1990,1.);
#1170=VECTOR('',#1991,1.);
#1171=VECTOR('',#1992,1.);
#1172=VECTOR('',#1993,1.);
#1173=VECTOR('',#1994,1.);
#1174=VECTOR('',#1995,1.);
#1175=VECTOR('',#1996,1.);
#1176=VECTOR('',#1997,1.);
#1177=VECTOR('',#1998,1.);
#1178=VECTOR('',#1999,1.);
#1179=VECTOR('',#2000,1.);
#1180=VECTOR('',#2001,1.);
#1181=VECTOR('',#2002,1.);
#1182=VECTOR('',#2003,1.);
#1183=VECTOR('',#2030,1.);
#1184=VECTOR('',#2031,1.);
#1185=VECTOR('',#2032,1.);
#1186=VECTOR('',#2033,1.);
#1187=VECTOR('',#2034,1.);
#1188=VECTOR('',#2035,1.);
#1189=VECTOR('',#2036,1.);
#1190=VECTOR('',#2037,1.);
#1191=VECTOR('',#2038,1.);
#1192=VECTOR('',#2039,1.);
#1193=VECTOR('',#2040,1.);
#1194=VECTOR('',#2041,1.);
#1195=VECTOR('',#2042,1.);
#1196=VECTOR('',#2043,1.);
#1197=VECTOR('',#2044,1.);
#1198=VECTOR('',#2045,1.);
#1199=VECTOR('',#2046,1.);
#1200=VECTOR('',#2047,1.);
#1201=VECTOR('',#2048,1.);
#1202=VECTOR('',#2049,1.);
#1203=VECTOR('',#2050,1.);
#1204=VECTOR('',#2051,1.);
#1205=VECTOR('',#2052,1.);
#1206=VECTOR('',#2053,1.);
#1207=VECTOR('',#2054,1.);
#1208=VECTOR('',#2055,1.);
#1209=VECTOR('',#2056,1.);
#1210=VECTOR('',#2057,1.);
#1211=VECTOR('',#2058,1.);
#1212=VECTOR('',#2059,1.);
#1213=VECTOR('',#2060,1.);
#1214=VECTOR('',#2061,1.);
#1215=VECTOR('',#2064,1.);
#1216=VECTOR('',#2065,1.);
#1217=VECTOR('',#2068,1.);
#1218=VECTOR('',#2073,1.);
#1219=VECTOR('',#2076,1.);
#1220=VECTOR('',#2079,1.);
#1221=VECTOR('',#2082,1.);
#1222=VECTOR('',#2083,1.);
#1223=VECTOR('',#2086,1.);
#1224=VECTOR('',#2089,1.);
#1225=VECTOR('',#2090,1.);
#1226=VECTOR('',#2091,1.);
#1227=VECTOR('',#2094,1.);
#1228=VECTOR('',#2097,1.);
#1229=VECTOR('',#2102,1.);
#1230=VECTOR('',#2103,1.);
#1231=VECTOR('',#2106,1.);
#1232=VECTOR('',#2109,1.);
#1233=VECTOR('',#2114,1.);
#1234=VECTOR('',#2115,1.);
#1235=VECTOR('',#2116,1.);
#1236=VECTOR('',#2119,1.);
#1237=VECTOR('',#2120,1.);
#1238=VECTOR('',#2123,1.);
#1239=VECTOR('',#2124,1.);
#1240=VECTOR('',#2127,1.);
#1241=VECTOR('',#2128,1.);
#1242=VECTOR('',#2129,1.);
#1243=VECTOR('',#2132,1.);
#1244=VECTOR('',#2133,1.);
#1245=VECTOR('',#2136,1.);
#1246=VECTOR('',#2137,1.);
#1247=VECTOR('',#2140,1.);
#1248=VECTOR('',#2141,1.);
#1249=VECTOR('',#2142,1.);
#1250=VECTOR('',#2145,1.);
#1251=VECTOR('',#2146,1.);
#1252=VECTOR('',#2149,1.);
#1253=VECTOR('',#2150,1.);
#1254=VECTOR('',#2153,1.);
#1255=VECTOR('',#2154,1.);
#1256=VECTOR('',#2155,1.);
#1257=VECTOR('',#2158,1.);
#1258=VECTOR('',#2159,1.);
#1259=VECTOR('',#2162,1.);
#1260=VECTOR('',#2163,1.);
#1261=VECTOR('',#2166,1.);
#1262=VECTOR('',#2167,1.);
#1263=VECTOR('',#2168,1.);
#1264=VECTOR('',#2171,1.);
#1265=VECTOR('',#2172,1.);
#1266=VECTOR('',#2175,1.);
#1267=VECTOR('',#2176,1.);
#1268=VECTOR('',#2179,1.);
#1269=VECTOR('',#2180,1.);
#1270=VECTOR('',#2181,1.);
#1271=VECTOR('',#2184,1.);
#1272=VECTOR('',#2185,1.);
#1273=VECTOR('',#2188,1.);
#1274=VECTOR('',#2189,1.);
#1275=VECTOR('',#2192,1.);
#1276=VECTOR('',#2193,1.);
#1277=VECTOR('',#2194,1.);
#1278=VECTOR('',#2197,1.);
#1279=VECTOR('',#2198,1.);
#1280=VECTOR('',#2201,1.);
#1281=VECTOR('',#2202,1.);
#1282=VECTOR('',#2205,1.);
#1283=VECTOR('',#2206,1.);
#1284=VECTOR('',#2207,1.);
#1285=VECTOR('',#2210,1.);
#1286=VECTOR('',#2211,1.);
#1287=VECTOR('',#2214,1.);
#1288=VECTOR('',#2215,1.);
#1289=VECTOR('',#2218,1.);
#1290=VECTOR('',#2221,1.);
#1291=VECTOR('',#2224,1.);
#1292=VECTOR('',#2227,1.);
#1293=VECTOR('',#2230,1.);
#1294=VECTOR('',#2233,1.);
#1295=VECTOR('',#2236,1.);
#1296=VECTOR('',#2239,1.);
#1297=EDGE_LOOP('',(#48,#49,#50,#51));
#1298=EDGE_LOOP('',(#52,#53,#54,#55,#56,#57));
#1299=EDGE_LOOP('',(#58,#59,#60,#61));
#1300=EDGE_LOOP('',(#62,#63,#64,#65));
#1301=EDGE_LOOP('',(#66,#67,#68,#69));
#1302=EDGE_LOOP('',(#70,#71,#72,#73));
#1303=EDGE_LOOP('',(#74,#75,#76,#77));
#1304=EDGE_LOOP('',(#78,#79,#80,#81));
#1305=EDGE_LOOP('',(#82,#83,#84,#85));
#1306=EDGE_LOOP('',(#86,#87,#88,#89));
#1307=EDGE_LOOP('',(#90,#91,#92,#93));
#1308=EDGE_LOOP('',(#94,#95,#96,#97));
#1309=EDGE_LOOP('',(#98,#99,#100,#101));
#1310=EDGE_LOOP('',(#102,#103,#104,#105));
#1311=EDGE_LOOP('',(#106,#107,#108,#109));
#1312=EDGE_LOOP('',(#110,#111,#112,#113));
#1313=EDGE_LOOP('',(#114,#115,#116,#117));
#1314=EDGE_LOOP('',(#118,#119,#120,#121));
#1315=EDGE_LOOP('',(#122,#123,#124,#125));
#1316=EDGE_LOOP('',(#126,#127,#128,#129));
#1317=EDGE_LOOP('',(#130,#131,#132,#133));
#1318=EDGE_LOOP('',(#134,#135,#136,#137));
#1319=EDGE_LOOP('',(#138,#139,#140,#141));
#1320=EDGE_LOOP('',(#142,#143,#144,#145));
#1321=EDGE_LOOP('',(#146));
#1322=EDGE_LOOP('',(#147));
#1323=EDGE_LOOP('',(#148));
#1324=EDGE_LOOP('',(#149));
#1325=EDGE_LOOP('',(#150,#151,#152,#153,#154,#155,#156,#157,#158,#159,#160,
#161,#162,#163,#164));
#1326=EDGE_LOOP('',(#165,#166,#167,#168,#169,#170,#171,#172));
#1327=EDGE_LOOP('',(#173));
#1328=EDGE_LOOP('',(#174));
#1329=EDGE_LOOP('',(#175));
#1330=EDGE_LOOP('',(#176));
#1331=EDGE_LOOP('',(#177,#178,#179,#180,#181,#182,#183,#184));
#1332=EDGE_LOOP('',(#185,#186,#187,#188));
#1333=EDGE_LOOP('',(#189,#190,#191,#192));
#1334=EDGE_LOOP('',(#193,#194,#195,#196));
#1335=EDGE_LOOP('',(#197,#198,#199,#200));
#1336=EDGE_LOOP('',(#201,#202,#203,#204));
#1337=EDGE_LOOP('',(#205,#206,#207,#208));
#1338=EDGE_LOOP('',(#209,#210,#211,#212));
#1339=EDGE_LOOP('',(#213,#214,#215,#216));
#1340=EDGE_LOOP('',(#217,#218,#219,#220));
#1341=EDGE_LOOP('',(#221,#222,#223,#224));
#1342=EDGE_LOOP('',(#225,#226,#227,#228));
#1343=EDGE_LOOP('',(#229,#230,#231,#232));
#1344=EDGE_LOOP('',(#233,#234,#235,#236));
#1345=EDGE_LOOP('',(#237,#238,#239,#240));
#1346=EDGE_LOOP('',(#241,#242,#243,#244));
#1347=EDGE_LOOP('',(#245,#246,#247,#248));
#1348=EDGE_LOOP('',(#249,#250,#251,#252));
#1349=EDGE_LOOP('',(#253,#254,#255,#256,#257,#258));
#1350=EDGE_LOOP('',(#259,#260,#261,#262));
#1351=EDGE_LOOP('',(#263,#264,#265,#266));
#1352=EDGE_LOOP('',(#267,#268,#269,#270));
#1353=EDGE_LOOP('',(#271,#272,#273,#274,#275,#276,#277));
#1354=EDGE_LOOP('',(#278,#279,#280,#281,#282));
#1355=EDGE_LOOP('',(#283,#284,#285,#286,#287));
#1356=EDGE_LOOP('',(#288,#289,#290,#291));
#1357=EDGE_LOOP('',(#292,#293,#294,#295));
#1358=EDGE_LOOP('',(#296,#297,#298,#299));
#1359=EDGE_LOOP('',(#300,#301,#302,#303));
#1360=EDGE_LOOP('',(#304,#305,#306,#307));
#1361=EDGE_LOOP('',(#308,#309,#310,#311));
#1362=EDGE_LOOP('',(#312,#313,#314,#315));
#1363=EDGE_LOOP('',(#316,#317,#318,#319));
#1364=EDGE_LOOP('',(#320,#321,#322,#323));
#1365=EDGE_LOOP('',(#324,#325,#326,#327));
#1366=EDGE_LOOP('',(#328,#329,#330,#331));
#1367=EDGE_LOOP('',(#332,#333,#334,#335));
#1368=EDGE_LOOP('',(#336,#337,#338,#339));
#1369=EDGE_LOOP('',(#340,#341,#342,#343));
#1370=EDGE_LOOP('',(#344,#345,#346,#347));
#1371=EDGE_LOOP('',(#348,#349,#350,#351));
#1372=EDGE_LOOP('',(#352,#353,#354,#355));
#1373=EDGE_LOOP('',(#356,#357,#358,#359));
#1374=EDGE_LOOP('',(#360,#361,#362,#363));
#1375=EDGE_LOOP('',(#364,#365,#366,#367));
#1376=EDGE_LOOP('',(#368,#369,#370,#371));
#1377=EDGE_LOOP('',(#372,#373,#374,#375));
#1378=EDGE_LOOP('',(#376,#377,#378,#379));
#1379=EDGE_LOOP('',(#380,#381,#382,#383));
#1380=EDGE_LOOP('',(#384,#385,#386,#387));
#1381=EDGE_LOOP('',(#388,#389,#390,#391));
#1382=EDGE_LOOP('',(#392,#393,#394,#395));
#1383=EDGE_LOOP('',(#396,#397,#398,#399));
#1384=EDGE_LOOP('',(#400,#401,#402,#403));
#1385=EDGE_LOOP('',(#404,#405,#406,#407));
#1386=EDGE_LOOP('',(#408,#409,#410,#411));
#1387=EDGE_LOOP('',(#412,#413,#414,#415));
#1388=EDGE_LOOP('',(#416,#417,#418,#419));
#1389=EDGE_LOOP('',(#420,#421,#422,#423));
#1390=EDGE_LOOP('',(#424,#425,#426,#427));
#1391=EDGE_LOOP('',(#428,#429,#430,#431));
#1392=EDGE_LOOP('',(#432,#433,#434,#435));
#1393=EDGE_LOOP('',(#436,#437,#438,#439));
#1394=EDGE_LOOP('',(#440,#441,#442,#443));
#1395=EDGE_LOOP('',(#444,#445,#446,#447));
#1396=EDGE_LOOP('',(#448,#449,#450,#451,#452,#453,#454,#455,#456,#457,#458,
#459,#460,#461));
#1397=EDGE_LOOP('',(#462,#463,#464,#465));
#1398=EDGE_LOOP('',(#466));
#1399=EDGE_LOOP('',(#467));
#1400=EDGE_LOOP('',(#468));
#1401=EDGE_LOOP('',(#469));
#1402=EDGE_LOOP('',(#470));
#1403=EDGE_LOOP('',(#471));
#1404=EDGE_LOOP('',(#472));
#1405=EDGE_LOOP('',(#473));
#1406=EDGE_LOOP('',(#474));
#1407=EDGE_LOOP('',(#475));
#1408=EDGE_LOOP('',(#476));
#1409=EDGE_LOOP('',(#477));
#1410=EDGE_LOOP('',(#478));
#1411=EDGE_LOOP('',(#479));
#1412=EDGE_LOOP('',(#480));
#1413=EDGE_LOOP('',(#481));
#1414=EDGE_LOOP('',(#482));
#1415=EDGE_LOOP('',(#483));
#1416=EDGE_LOOP('',(#484));
#1417=EDGE_LOOP('',(#485));
#1418=EDGE_LOOP('',(#486));
#1419=EDGE_LOOP('',(#487));
#1420=EDGE_LOOP('',(#488));
#1421=EDGE_LOOP('',(#489));
#1422=EDGE_LOOP('',(#490,#491,#492,#493));
#1423=EDGE_LOOP('',(#494,#495,#496,#497));
#1424=EDGE_LOOP('',(#498,#499,#500,#501));
#1425=EDGE_LOOP('',(#502,#503,#504,#505));
#1426=FACE_BOUND('',#1297,.T.);
#1427=FACE_BOUND('',#1298,.T.);
#1428=FACE_BOUND('',#1299,.T.);
#1429=FACE_BOUND('',#1300,.T.);
#1430=FACE_BOUND('',#1301,.T.);
#1431=FACE_BOUND('',#1302,.T.);
#1432=FACE_BOUND('',#1303,.T.);
#1433=FACE_BOUND('',#1304,.T.);
#1434=FACE_BOUND('',#1305,.T.);
#1435=FACE_BOUND('',#1306,.T.);
#1436=FACE_BOUND('',#1307,.T.);
#1437=FACE_BOUND('',#1308,.T.);
#1438=FACE_BOUND('',#1309,.T.);
#1439=FACE_BOUND('',#1310,.T.);
#1440=FACE_BOUND('',#1311,.T.);
#1441=FACE_BOUND('',#1312,.T.);
#1442=FACE_BOUND('',#1313,.T.);
#1443=FACE_BOUND('',#1314,.T.);
#1444=FACE_BOUND('',#1315,.T.);
#1445=FACE_BOUND('',#1316,.T.);
#1446=FACE_BOUND('',#1317,.T.);
#1447=FACE_BOUND('',#1318,.T.);
#1448=FACE_BOUND('',#1319,.T.);
#1449=FACE_BOUND('',#1320,.T.);
#1450=FACE_BOUND('',#1321,.T.);
#1451=FACE_BOUND('',#1322,.T.);
#1452=FACE_BOUND('',#1323,.T.);
#1453=FACE_BOUND('',#1324,.T.);
#1454=FACE_BOUND('',#1325,.T.);
#1455=FACE_BOUND('',#1326,.T.);
#1456=FACE_BOUND('',#1327,.T.);
#1457=FACE_BOUND('',#1328,.T.);
#1458=FACE_BOUND('',#1329,.T.);
#1459=FACE_BOUND('',#1330,.T.);
#1460=FACE_BOUND('',#1331,.T.);
#1461=FACE_BOUND('',#1332,.T.);
#1462=FACE_BOUND('',#1333,.T.);
#1463=FACE_BOUND('',#1334,.T.);
#1464=FACE_BOUND('',#1335,.T.);
#1465=FACE_BOUND('',#1336,.T.);
#1466=FACE_BOUND('',#1337,.T.);
#1467=FACE_BOUND('',#1338,.T.);
#1468=FACE_BOUND('',#1339,.T.);
#1469=FACE_BOUND('',#1340,.T.);
#1470=FACE_BOUND('',#1341,.T.);
#1471=FACE_BOUND('',#1342,.T.);
#1472=FACE_BOUND('',#1343,.T.);
#1473=FACE_BOUND('',#1344,.T.);
#1474=FACE_BOUND('',#1345,.T.);
#1475=FACE_BOUND('',#1346,.T.);
#1476=FACE_BOUND('',#1347,.T.);
#1477=FACE_BOUND('',#1348,.T.);
#1478=FACE_BOUND('',#1349,.T.);
#1479=FACE_BOUND('',#1350,.T.);
#1480=FACE_BOUND('',#1351,.T.);
#1481=FACE_BOUND('',#1352,.T.);
#1482=FACE_BOUND('',#1353,.T.);
#1483=FACE_BOUND('',#1354,.T.);
#1484=FACE_BOUND('',#1355,.T.);
#1485=FACE_BOUND('',#1356,.T.);
#1486=FACE_BOUND('',#1357,.T.);
#1487=FACE_BOUND('',#1358,.T.);
#1488=FACE_BOUND('',#1359,.T.);
#1489=FACE_BOUND('',#1360,.T.);
#1490=FACE_BOUND('',#1361,.T.);
#1491=FACE_BOUND('',#1362,.T.);
#1492=FACE_BOUND('',#1363,.T.);
#1493=FACE_BOUND('',#1364,.T.);
#1494=FACE_BOUND('',#1365,.T.);
#1495=FACE_BOUND('',#1366,.T.);
#1496=FACE_BOUND('',#1367,.T.);
#1497=FACE_BOUND('',#1368,.T.);
#1498=FACE_BOUND('',#1369,.T.);
#1499=FACE_BOUND('',#1370,.T.);
#1500=FACE_BOUND('',#1371,.T.);
#1501=FACE_BOUND('',#1372,.T.);
#1502=FACE_BOUND('',#1373,.T.);
#1503=FACE_BOUND('',#1374,.T.);
#1504=FACE_BOUND('',#1375,.T.);
#1505=FACE_BOUND('',#1376,.T.);
#1506=FACE_BOUND('',#1377,.T.);
#1507=FACE_BOUND('',#1378,.T.);
#1508=FACE_BOUND('',#1379,.T.);
#1509=FACE_BOUND('',#1380,.T.);
#1510=FACE_BOUND('',#1381,.T.);
#1511=FACE_BOUND('',#1382,.T.);
#1512=FACE_BOUND('',#1383,.T.);
#1513=FACE_BOUND('',#1384,.T.);
#1514=FACE_BOUND('',#1385,.T.);
#1515=FACE_BOUND('',#1386,.T.);
#1516=FACE_BOUND('',#1387,.T.);
#1517=FACE_BOUND('',#1388,.T.);
#1518=FACE_BOUND('',#1389,.T.);
#1519=FACE_BOUND('',#1390,.T.);
#1520=FACE_BOUND('',#1391,.T.);
#1521=FACE_BOUND('',#1392,.T.);
#1522=FACE_BOUND('',#1393,.T.);
#1523=FACE_BOUND('',#1394,.T.);
#1524=FACE_BOUND('',#1395,.T.);
#1525=FACE_BOUND('',#1396,.T.);
#1526=FACE_BOUND('',#1397,.T.);
#1527=FACE_BOUND('',#1398,.T.);
#1528=FACE_BOUND('',#1399,.T.);
#1529=FACE_BOUND('',#1400,.T.);
#1530=FACE_BOUND('',#1401,.T.);
#1531=FACE_BOUND('',#1402,.T.);
#1532=FACE_BOUND('',#1403,.T.);
#1533=FACE_BOUND('',#1404,.T.);
#1534=FACE_BOUND('',#1405,.T.);
#1535=FACE_BOUND('',#1406,.T.);
#1536=FACE_BOUND('',#1407,.T.);
#1537=FACE_BOUND('',#1408,.T.);
#1538=FACE_BOUND('',#1409,.T.);
#1539=FACE_BOUND('',#1410,.T.);
#1540=FACE_BOUND('',#1411,.T.);
#1541=FACE_BOUND('',#1412,.T.);
#1542=FACE_BOUND('',#1413,.T.);
#1543=FACE_BOUND('',#1414,.T.);
#1544=FACE_BOUND('',#1415,.T.);
#1545=FACE_BOUND('',#1416,.T.);
#1546=FACE_BOUND('',#1417,.T.);
#1547=FACE_BOUND('',#1418,.T.);
#1548=FACE_BOUND('',#1419,.T.);
#1549=FACE_BOUND('',#1420,.T.);
#1550=FACE_BOUND('',#1421,.T.);
#1551=FACE_BOUND('',#1422,.T.);
#1552=FACE_BOUND('',#1423,.T.);
#1553=FACE_BOUND('',#1424,.T.);
#1554=FACE_BOUND('',#1425,.T.);
#1555=PLANE('',#1738);
#1556=PLANE('',#1739);
#1557=PLANE('',#1740);
#1558=PLANE('',#1741);
#1559=PLANE('',#1742);
#1560=PLANE('',#1743);
#1561=PLANE('',#1744);
#1562=PLANE('',#1745);
#1563=PLANE('',#1746);
#1564=PLANE('',#1747);
#1565=PLANE('',#1748);
#1566=PLANE('',#1749);
#1567=PLANE('',#1750);
#1568=PLANE('',#1751);
#1569=PLANE('',#1752);
#1570=PLANE('',#1753);
#1571=PLANE('',#1754);
#1572=PLANE('',#1755);
#1573=PLANE('',#1756);
#1574=PLANE('',#1757);
#1575=PLANE('',#1758);
#1576=PLANE('',#1759);
#1577=PLANE('',#1760);
#1578=PLANE('',#1761);
#1579=PLANE('',#1762);
#1580=PLANE('',#1771);
#1581=PLANE('',#1780);
#1582=PLANE('',#1781);
#1583=PLANE('',#1782);
#1584=PLANE('',#1783);
#1585=PLANE('',#1784);
#1586=PLANE('',#1785);
#1587=PLANE('',#1786);
#1588=PLANE('',#1787);
#1589=PLANE('',#1788);
#1590=PLANE('',#1789);
#1591=PLANE('',#1790);
#1592=PLANE('',#1791);
#1593=PLANE('',#1792);
#1594=PLANE('',#1793);
#1595=PLANE('',#1794);
#1596=PLANE('',#1795);
#1597=PLANE('',#1796);
#1598=PLANE('',#1797);
#1599=PLANE('',#1798);
#1600=PLANE('',#1799);
#1601=PLANE('',#1800);
#1602=PLANE('',#1801);
#1603=PLANE('',#1802);
#1604=PLANE('',#1803);
#1605=PLANE('',#1804);
#1606=PLANE('',#1805);
#1607=PLANE('',#1806);
#1608=PLANE('',#1807);
#1609=PLANE('',#1808);
#1610=PLANE('',#1809);
#1611=PLANE('',#1810);
#1612=PLANE('',#1811);
#1613=PLANE('',#1812);
#1614=PLANE('',#1813);
#1615=PLANE('',#1814);
#1616=PLANE('',#1815);
#1617=PLANE('',#1816);
#1618=PLANE('',#1817);
#1619=PLANE('',#1818);
#1620=PLANE('',#1819);
#1621=PLANE('',#1820);
#1622=PLANE('',#1821);
#1623=PLANE('',#1822);
#1624=PLANE('',#1823);
#1625=PLANE('',#1824);
#1626=PLANE('',#1825);
#1627=PLANE('',#1826);
#1628=PLANE('',#1827);
#1629=PLANE('',#1828);
#1630=PLANE('',#1831);
#1631=PLANE('',#1836);
#1632=PLANE('',#1841);
#1633=PLANE('',#1846);
#1634=ADVANCED_FACE('',(#1426),#1555,.F.);
#1635=ADVANCED_FACE('',(#1427),#1556,.T.);
#1636=ADVANCED_FACE('',(#1428),#1557,.F.);
#1637=ADVANCED_FACE('',(#1429),#1558,.T.);
#1638=ADVANCED_FACE('',(#1430),#1559,.F.);
#1639=ADVANCED_FACE('',(#1431),#1560,.F.);
#1640=ADVANCED_FACE('',(#1432),#1561,.T.);
#1641=ADVANCED_FACE('',(#1433),#1562,.F.);
#1642=ADVANCED_FACE('',(#1434),#1563,.T.);
#1643=ADVANCED_FACE('',(#1435),#1564,.F.);
#1644=ADVANCED_FACE('',(#1436),#1565,.T.);
#1645=ADVANCED_FACE('',(#1437),#1566,.F.);
#1646=ADVANCED_FACE('',(#1438),#1567,.T.);
#1647=ADVANCED_FACE('',(#1439),#1568,.F.);
#1648=ADVANCED_FACE('',(#1440),#1569,.T.);
#1649=ADVANCED_FACE('',(#1441),#1570,.T.);
#1650=ADVANCED_FACE('',(#1442),#1571,.T.);
#1651=ADVANCED_FACE('',(#1443),#1572,.F.);
#1652=ADVANCED_FACE('',(#1444),#1573,.T.);
#1653=ADVANCED_FACE('',(#1445),#1574,.T.);
#1654=ADVANCED_FACE('',(#1446),#1575,.T.);
#1655=ADVANCED_FACE('',(#1447),#1576,.F.);
#1656=ADVANCED_FACE('',(#1448),#1577,.F.);
#1657=ADVANCED_FACE('',(#1449),#1578,.F.);
#1658=ADVANCED_FACE('',(#1450,#1451,#1452,#1453,#1454,#1455),#1579,.T.);
#1659=ADVANCED_FACE('',(#1456,#1457,#1458,#1459,#1460,#1461,#1462,#1463,
#1464,#1465,#1466,#1467,#1468,#1469),#1580,.F.);
#1660=ADVANCED_FACE('',(#1470),#1581,.T.);
#1661=ADVANCED_FACE('',(#1471),#1582,.F.);
#1662=ADVANCED_FACE('',(#1472),#1583,.F.);
#1663=ADVANCED_FACE('',(#1473),#1584,.T.);
#1664=ADVANCED_FACE('',(#1474),#1585,.F.);
#1665=ADVANCED_FACE('',(#1475),#1586,.T.);
#1666=ADVANCED_FACE('',(#1476),#1587,.T.);
#1667=ADVANCED_FACE('',(#1477),#1588,.F.);
#1668=ADVANCED_FACE('',(#1478),#1589,.F.);
#1669=ADVANCED_FACE('',(#1479),#1590,.T.);
#1670=ADVANCED_FACE('',(#1480),#1591,.T.);
#1671=ADVANCED_FACE('',(#1481),#1592,.T.);
#1672=ADVANCED_FACE('',(#1482),#1593,.F.);
#1673=ADVANCED_FACE('',(#1483),#1594,.T.);
#1674=ADVANCED_FACE('',(#1484),#1595,.F.);
#1675=ADVANCED_FACE('',(#1485),#1596,.T.);
#1676=ADVANCED_FACE('',(#1486),#1597,.F.);
#1677=ADVANCED_FACE('',(#1487),#1598,.F.);
#1678=ADVANCED_FACE('',(#1488),#1599,.F.);
#1679=ADVANCED_FACE('',(#1489),#1600,.F.);
#1680=ADVANCED_FACE('',(#1490),#1601,.F.);
#1681=ADVANCED_FACE('',(#1491),#1602,.F.);
#1682=ADVANCED_FACE('',(#1492),#1603,.F.);
#1683=ADVANCED_FACE('',(#1493),#1604,.F.);
#1684=ADVANCED_FACE('',(#1494),#1605,.F.);
#1685=ADVANCED_FACE('',(#1495),#1606,.F.);
#1686=ADVANCED_FACE('',(#1496),#1607,.F.);
#1687=ADVANCED_FACE('',(#1497),#1608,.F.);
#1688=ADVANCED_FACE('',(#1498),#1609,.F.);
#1689=ADVANCED_FACE('',(#1499),#1610,.F.);
#1690=ADVANCED_FACE('',(#1500),#1611,.F.);
#1691=ADVANCED_FACE('',(#1501),#1612,.F.);
#1692=ADVANCED_FACE('',(#1502),#1613,.F.);
#1693=ADVANCED_FACE('',(#1503),#1614,.F.);
#1694=ADVANCED_FACE('',(#1504),#1615,.F.);
#1695=ADVANCED_FACE('',(#1505),#1616,.F.);
#1696=ADVANCED_FACE('',(#1506),#1617,.F.);
#1697=ADVANCED_FACE('',(#1507),#1618,.F.);
#1698=ADVANCED_FACE('',(#1508),#1619,.F.);
#1699=ADVANCED_FACE('',(#1509),#1620,.F.);
#1700=ADVANCED_FACE('',(#1510),#1621,.F.);
#1701=ADVANCED_FACE('',(#1511),#1622,.F.);
#1702=ADVANCED_FACE('',(#1512),#1623,.F.);
#1703=ADVANCED_FACE('',(#1513),#1624,.F.);
#1704=ADVANCED_FACE('',(#1514),#1625,.F.);
#1705=ADVANCED_FACE('',(#1515),#1626,.F.);
#1706=ADVANCED_FACE('',(#1516),#1627,.F.);
#1707=ADVANCED_FACE('',(#1517),#1628,.T.);
#1708=ADVANCED_FACE('',(#1518,#1519,#1520,#1521,#1522,#1523,#1524,#1525,
#1526),#1629,.T.);
#1709=ADVANCED_FACE('',(#1527,#1528),#12,.F.);
#1710=ADVANCED_FACE('',(#1529,#1530),#1630,.T.);
#1711=ADVANCED_FACE('',(#1531,#1532),#13,.F.);
#1712=ADVANCED_FACE('',(#1533,#1534),#14,.F.);
#1713=ADVANCED_FACE('',(#1535,#1536),#1631,.T.);
#1714=ADVANCED_FACE('',(#1537,#1538),#15,.F.);
#1715=ADVANCED_FACE('',(#1539,#1540),#16,.F.);
#1716=ADVANCED_FACE('',(#1541,#1542),#1632,.T.);
#1717=ADVANCED_FACE('',(#1543,#1544),#17,.F.);
#1718=ADVANCED_FACE('',(#1545,#1546),#18,.F.);
#1719=ADVANCED_FACE('',(#1547,#1548),#1633,.T.);
#1720=ADVANCED_FACE('',(#1549,#1550),#19,.F.);
#1721=ADVANCED_FACE('',(#1551),#20,.T.);
#1722=ADVANCED_FACE('',(#1552),#21,.T.);
#1723=ADVANCED_FACE('',(#1553),#22,.T.);
#1724=ADVANCED_FACE('',(#1554),#23,.T.);
#1725=CLOSED_SHELL('',(#1634,#1635,#1636,#1637,#1638,#1639,#1640,#1641,
#1642,#1643,#1644,#1645,#1646,#1647,#1648,#1649,#1650,#1651,#1652,#1653,
#1654,#1655,#1656,#1657,#1658,#1659,#1660,#1661,#1662,#1663,#1664,#1665,
#1666,#1667,#1668,#1669,#1670,#1671,#1672,#1673,#1674,#1675,#1676,#1677,
#1678,#1679,#1680,#1681,#1682,#1683,#1684,#1685,#1686,#1687,#1688,#1689,
#1690,#1691,#1692,#1693,#1694,#1695,#1696,#1697,#1698,#1699,#1700,#1701,
#1702,#1703,#1704,#1705,#1706,#1707,#1708,#1709,#1710,#1711,#1712,#1713,
#1714,#1715,#1716,#1717,#1718,#1719,#1720,#1721,#1722,#1723,#1724));
#1726=STYLED_ITEM('',(#1727),#1734);
#1727=PRESENTATION_STYLE_ASSIGNMENT((#1728));
#1728=SURFACE_STYLE_USAGE(.BOTH.,#1729);
#1729=SURFACE_SIDE_STYLE('',(#1730));
#1730=SURFACE_STYLE_FILL_AREA(#1731);
#1731=FILL_AREA_STYLE('',(#1732));
#1732=FILL_AREA_STYLE_COLOUR('',#1733);
#1733=COLOUR_RGB('',0.615686274509804,0.811764705882353,0.929411764705882);
#1734=MANIFOLD_SOLID_BREP('Part 1',#1725);
#1735=SHAPE_DEFINITION_REPRESENTATION(#2769,#1736);
#1736=SHAPE_REPRESENTATION('Part 1',(#1737),#2764);
#1737=AXIS2_PLACEMENT_3D('',#2290,#1853,#1854);
#1738=AXIS2_PLACEMENT_3D('',#2291,#1855,#1856);
#1739=AXIS2_PLACEMENT_3D('',#2300,#1861,#1862);
#1740=AXIS2_PLACEMENT_3D('',#2310,#1868,#1869);
#1741=AXIS2_PLACEMENT_3D('',#2316,#1873,#1874);
#1742=AXIS2_PLACEMENT_3D('',#2322,#1878,#1879);
#1743=AXIS2_PLACEMENT_3D('',#2331,#1884,#1885);
#1744=AXIS2_PLACEMENT_3D('',#2337,#1889,#1890);
#1745=AXIS2_PLACEMENT_3D('',#2343,#1894,#1895);
#1746=AXIS2_PLACEMENT_3D('',#2348,#1899,#1900);
#1747=AXIS2_PLACEMENT_3D('',#2350,#1902,#1903);
#1748=AXIS2_PLACEMENT_3D('',#2356,#1907,#1908);
#1749=AXIS2_PLACEMENT_3D('',#2362,#1912,#1913);
#1750=AXIS2_PLACEMENT_3D('',#2368,#1917,#1918);
#1751=AXIS2_PLACEMENT_3D('',#2374,#1922,#1923);
#1752=AXIS2_PLACEMENT_3D('',#2380,#1927,#1928);
#1753=AXIS2_PLACEMENT_3D('',#2386,#1932,#1933);
#1754=AXIS2_PLACEMENT_3D('',#2395,#1938,#1939);
#1755=AXIS2_PLACEMENT_3D('',#2401,#1943,#1944);
#1756=AXIS2_PLACEMENT_3D('',#2407,#1948,#1949);
#1757=AXIS2_PLACEMENT_3D('',#2416,#1954,#1955);
#1758=AXIS2_PLACEMENT_3D('',#2425,#1960,#1961);
#1759=AXIS2_PLACEMENT_3D('',#2434,#1966,#1967);
#1760=AXIS2_PLACEMENT_3D('',#2437,#1970,#1971);
#1761=AXIS2_PLACEMENT_3D('',#2446,#1976,#1977);
#1762=AXIS2_PLACEMENT_3D('',#2449,#1980,#1981);
#1763=AXIS2_PLACEMENT_3D('',#2450,#1982,#1983);
#1764=AXIS2_PLACEMENT_3D('',#2452,#1984,#1985);
#1765=AXIS2_PLACEMENT_3D('',#2454,#1986,#1987);
#1766=AXIS2_PLACEMENT_3D('',#2456,#1988,#1989);
#1767=AXIS2_PLACEMENT_3D('',#2485,#2004,#2005);
#1768=AXIS2_PLACEMENT_3D('',#2486,#2006,#2007);
#1769=AXIS2_PLACEMENT_3D('',#2487,#2008,#2009);
#1770=AXIS2_PLACEMENT_3D('',#2488,#2010,#2011);
#1771=AXIS2_PLACEMENT_3D('',#2489,#2012,#2013);
#1772=AXIS2_PLACEMENT_3D('',#2490,#2014,#2015);
#1773=AXIS2_PLACEMENT_3D('',#2492,#2016,#2017);
#1774=AXIS2_PLACEMENT_3D('',#2494,#2018,#2019);
#1775=AXIS2_PLACEMENT_3D('',#2496,#2020,#2021);
#1776=AXIS2_PLACEMENT_3D('',#2498,#2022,#2023);
#1777=AXIS2_PLACEMENT_3D('',#2499,#2024,#2025);
#1778=AXIS2_PLACEMENT_3D('',#2500,#2026,#2027);
#1779=AXIS2_PLACEMENT_3D('',#2501,#2028,#2029);
#1780=AXIS2_PLACEMENT_3D('',#2566,#2062,#2063);
#1781=AXIS2_PLACEMENT_3D('',#2569,#2066,#2067);
#1782=AXIS2_PLACEMENT_3D('',#2571,#2069,#2070);
#1783=AXIS2_PLACEMENT_3D('',#2572,#2071,#2072);
#1784=AXIS2_PLACEMENT_3D('',#2574,#2074,#2075);
#1785=AXIS2_PLACEMENT_3D('',#2576,#2077,#2078);
#1786=AXIS2_PLACEMENT_3D('',#2578,#2080,#2081);
#1787=AXIS2_PLACEMENT_3D('',#2582,#2084,#2085);
#1788=AXIS2_PLACEMENT_3D('',#2584,#2087,#2088);
#1789=AXIS2_PLACEMENT_3D('',#2589,#2092,#2093);
#1790=AXIS2_PLACEMENT_3D('',#2591,#2095,#2096);
#1791=AXIS2_PLACEMENT_3D('',#2593,#2098,#2099);
#1792=AXIS2_PLACEMENT_3D('',#2594,#2100,#2101);
#1793=AXIS2_PLACEMENT_3D('',#2597,#2104,#2105);
#1794=AXIS2_PLACEMENT_3D('',#2599,#2107,#2108);
#1795=AXIS2_PLACEMENT_3D('',#2601,#2110,#2111);
#1796=AXIS2_PLACEMENT_3D('',#2602,#2112,#2113);
#1797=AXIS2_PLACEMENT_3D('',#2608,#2117,#2118);
#1798=AXIS2_PLACEMENT_3D('',#2612,#2121,#2122);
#1799=AXIS2_PLACEMENT_3D('',#2616,#2125,#2126);
#1800=AXIS2_PLACEMENT_3D('',#2622,#2130,#2131);
#1801=AXIS2_PLACEMENT_3D('',#2626,#2134,#2135);
#1802=AXIS2_PLACEMENT_3D('',#2630,#2138,#2139);
#1803=AXIS2_PLACEMENT_3D('',#2636,#2143,#2144);
#1804=AXIS2_PLACEMENT_3D('',#2640,#2147,#2148);
#1805=AXIS2_PLACEMENT_3D('',#2644,#2151,#2152);
#1806=AXIS2_PLACEMENT_3D('',#2650,#2156,#2157);
#1807=AXIS2_PLACEMENT_3D('',#2654,#2160,#2161);
#1808=AXIS2_PLACEMENT_3D('',#2658,#2164,#2165);
#1809=AXIS2_PLACEMENT_3D('',#2664,#2169,#2170);
#1810=AXIS2_PLACEMENT_3D('',#2668,#2173,#2174);
#1811=AXIS2_PLACEMENT_3D('',#2672,#2177,#2178);
#1812=AXIS2_PLACEMENT_3D('',#2678,#2182,#2183);
#1813=AXIS2_PLACEMENT_3D('',#2682,#2186,#2187);
#1814=AXIS2_PLACEMENT_3D('',#2686,#2190,#2191);
#1815=AXIS2_PLACEMENT_3D('',#2692,#2195,#2196);
#1816=AXIS2_PLACEMENT_3D('',#2696,#2199,#2200);
#1817=AXIS2_PLACEMENT_3D('',#2700,#2203,#2204);
#1818=AXIS2_PLACEMENT_3D('',#2706,#2208,#2209);
#1819=AXIS2_PLACEMENT_3D('',#2710,#2212,#2213);
#1820=AXIS2_PLACEMENT_3D('',#2714,#2216,#2217);
#1821=AXIS2_PLACEMENT_3D('',#2716,#2219,#2220);
#1822=AXIS2_PLACEMENT_3D('',#2718,#2222,#2223);
#1823=AXIS2_PLACEMENT_3D('',#2720,#2225,#2226);
#1824=AXIS2_PLACEMENT_3D('',#2722,#2228,#2229);
#1825=AXIS2_PLACEMENT_3D('',#2724,#2231,#2232);
#1826=AXIS2_PLACEMENT_3D('',#2726,#2234,#2235);
#1827=AXIS2_PLACEMENT_3D('',#2728,#2237,#2238);
#1828=AXIS2_PLACEMENT_3D('',#2730,#2240,#2241);
#1829=AXIS2_PLACEMENT_3D('',#2731,#2242,#2243);
#1830=AXIS2_PLACEMENT_3D('',#2732,#2244,#2245);
#1831=AXIS2_PLACEMENT_3D('',#2734,#2246,#2247);
#1832=AXIS2_PLACEMENT_3D('',#2735,#2248,#2249);
#1833=AXIS2_PLACEMENT_3D('',#2737,#2250,#2251);
#1834=AXIS2_PLACEMENT_3D('',#2738,#2252,#2253);
#1835=AXIS2_PLACEMENT_3D('',#2739,#2254,#2255);
#1836=AXIS2_PLACEMENT_3D('',#2741,#2256,#2257);
#1837=AXIS2_PLACEMENT_3D('',#2742,#2258,#2259);
#1838=AXIS2_PLACEMENT_3D('',#2744,#2260,#2261);
#1839=AXIS2_PLACEMENT_3D('',#2745,#2262,#2263);
#1840=AXIS2_PLACEMENT_3D('',#2746,#2264,#2265);
#1841=AXIS2_PLACEMENT_3D('',#2748,#2266,#2267);
#1842=AXIS2_PLACEMENT_3D('',#2749,#2268,#2269);
#1843=AXIS2_PLACEMENT_3D('',#2751,#2270,#2271);
#1844=AXIS2_PLACEMENT_3D('',#2752,#2272,#2273);
#1845=AXIS2_PLACEMENT_3D('',#2753,#2274,#2275);
#1846=AXIS2_PLACEMENT_3D('',#2755,#2276,#2277);
#1847=AXIS2_PLACEMENT_3D('',#2756,#2278,#2279);
#1848=AXIS2_PLACEMENT_3D('',#2758,#2280,#2281);
#1849=AXIS2_PLACEMENT_3D('',#2759,#2282,#2283);
#1850=AXIS2_PLACEMENT_3D('',#2760,#2284,#2285);
#1851=AXIS2_PLACEMENT_3D('',#2761,#2286,#2287);
#1852=AXIS2_PLACEMENT_3D('',#2762,#2288,#2289);
#1853=DIRECTION('',(0.,0.,1.));
#1854=DIRECTION('',(1.,0.,0.));
#1855=DIRECTION('',(0.000146548765517826,0.70710676600034,-0.707106781186548));
#1856=DIRECTION('',(-0.999999978523459,0.000207251251744345,0.));
#1857=DIRECTION('',(0.99999998926173,-0.000103625625872172,0.000103625625872172));
#1858=DIRECTION('',(0.000146548765517371,0.70710676600034,0.707106781186548));
#1859=DIRECTION('',(-0.999999978523459,0.000207251251744345,0.));
#1860=DIRECTION('',(0.,0.707106781186548,0.707106781186547));
#1861=DIRECTION('',(0.,-0.707106781186547,0.707106781186548));
#1862=DIRECTION('',(-1.,0.,0.));
#1863=DIRECTION('',(-1.,0.,0.));
#1864=DIRECTION('',(-1.,0.,0.));
#1865=DIRECTION('',(-0.577350269189626,-0.577350269189626,-0.577350269189626));
#1866=DIRECTION('',(1.,-4.68107884344096E-18,-4.68107884344095E-18));
#1867=DIRECTION('',(0.577350269189626,0.577350269189626,0.577350269189626));
#1868=DIRECTION('',(0.,1.,0.));
#1869=DIRECTION('',(0.,0.,1.));
#1870=DIRECTION('',(-1.,4.59548588731181E-17,0.));
#1871=DIRECTION('',(0.,0.,-1.));
#1872=DIRECTION('',(0.,0.,-1.));
#1873=DIRECTION('',(-1.,0.,0.));
#1874=DIRECTION('',(0.,0.,1.));
#1875=DIRECTION('',(0.,-1.,0.));
#1876=DIRECTION('',(0.,0.,-1.));
#1877=DIRECTION('',(0.,1.,0.));
#1878=DIRECTION('',(-1.,0.,0.));
#1879=DIRECTION('',(0.,0.,1.));
#1880=DIRECTION('',(0.,0.,-1.));
#1881=DIRECTION('',(0.,1.,0.));
#1882=DIRECTION('',(0.,0.,-1.));
#1883=DIRECTION('',(0.,-1.,0.));
#1884=DIRECTION('',(0.,1.,0.));
#1885=DIRECTION('',(0.,0.,1.));
#1886=DIRECTION('',(1.,-7.15507248713369E-16,0.));
#1887=DIRECTION('',(0.,0.,-1.));
#1888=DIRECTION('',(-1.,0.,0.));
#1889=DIRECTION('',(-0.002533362783468,-0.999996791031355,0.));
#1890=DIRECTION('',(0.999996791031355,-0.002533362783468,0.));
#1891=DIRECTION('',(-0.999996791031355,0.002533362783468,0.));
#1892=DIRECTION('',(0.,0.,-1.));
#1893=DIRECTION('',(-0.999996791031355,0.002533362783468,0.));
#1894=DIRECTION('',(0.,1.,0.));
#1895=DIRECTION('',(0.,0.,1.));
#1896=DIRECTION('',(1.,0.,0.));
#1897=DIRECTION('',(0.,0.,-1.));
#1898=DIRECTION('',(-1.,0.,0.));
#1899=DIRECTION('',(-0.000207251251744344,-0.999999978523459,0.));
#1900=DIRECTION('',(0.999999978523459,-0.000207251251744345,0.));
#1901=DIRECTION('',(-0.999999978523459,0.000207251251744345,0.));
#1902=DIRECTION('',(0.,-1.,0.));
#1903=DIRECTION('',(0.,0.,-1.));
#1904=DIRECTION('',(-1.,0.,0.));
#1905=DIRECTION('',(0.,0.,-1.));
#1906=DIRECTION('',(1.,0.,0.));
#1907=DIRECTION('',(0.00323622900775668,0.999994763397194,0.));
#1908=DIRECTION('',(-0.999994763397194,0.00323622900775668,0.));
#1909=DIRECTION('',(0.999994763397194,-0.00323622900775666,0.));
#1910=DIRECTION('',(0.,0.,-1.));
#1911=DIRECTION('',(0.999994763397194,-0.00323622900775668,0.));
#1912=DIRECTION('',(0.,-1.,0.));
#1913=DIRECTION('',(0.,0.,-1.));
#1914=DIRECTION('',(-1.,0.,0.));
#1915=DIRECTION('',(0.,0.,-1.));
#1916=DIRECTION('',(1.,0.,0.));
#1917=DIRECTION('',(-0.00324673613421418,0.999994729338347,0.));
#1918=DIRECTION('',(-0.999994729338348,-0.00324673613421418,0.));
#1919=DIRECTION('',(0.999994729338347,0.00324673613421418,0.));
#1920=DIRECTION('',(0.,0.,-1.));
#1921=DIRECTION('',(0.999994729338348,0.00324673613421418,0.));
#1922=DIRECTION('',(0.,-1.,0.));
#1923=DIRECTION('',(0.,0.,-1.));
#1924=DIRECTION('',(-1.,0.,0.));
#1925=DIRECTION('',(0.,0.,-1.));
#1926=DIRECTION('',(1.,0.,0.));
#1927=DIRECTION('',(0.00326795640593406,0.999994660216208,0.));
#1928=DIRECTION('',(-0.999994660216208,0.00326795640593406,0.));
#1929=DIRECTION('',(0.999994660216208,-0.00326795640593407,0.));
#1930=DIRECTION('',(0.,0.,-1.));
#1931=DIRECTION('',(0.999994660216208,-0.00326795640593406,0.));
#1932=DIRECTION('',(-1.,0.,0.));
#1933=DIRECTION('',(0.,0.,1.));
#1934=DIRECTION('',(0.,0.,-1.));
#1935=DIRECTION('',(0.,1.,0.));
#1936=DIRECTION('',(0.,0.,-1.));
#1937=DIRECTION('',(0.,1.,0.));
#1938=DIRECTION('',(0.,1.,0.));
#1939=DIRECTION('',(0.,0.,1.));
#1940=DIRECTION('',(0.,0.,-1.));
#1941=DIRECTION('',(1.,0.,0.));
#1942=DIRECTION('',(1.,0.,0.));
#1943=DIRECTION('',(-1.,0.,0.));
#1944=DIRECTION('',(0.,0.,1.));
#1945=DIRECTION('',(0.,0.,-1.));
#1946=DIRECTION('',(0.,-1.,0.));
#1947=DIRECTION('',(0.,1.,0.));
#1948=DIRECTION('',(1.,0.,0.));
#1949=DIRECTION('',(0.,0.,-1.));
#1950=DIRECTION('',(0.,-1.,0.));
#1951=DIRECTION('',(0.,0.,-1.));
#1952=DIRECTION('',(0.,-0.999390827019096,-0.0348994967025009));
#1953=DIRECTION('',(0.,0.,-1.));
#1954=DIRECTION('',(-1.29367480554632E-16,1.,0.));
#1955=DIRECTION('',(-1.,-1.29367480554632E-16,0.));
#1956=DIRECTION('',(1.,1.29367480554632E-16,0.));
#1957=DIRECTION('',(0.,0.,-1.));
#1958=DIRECTION('',(1.,1.29367480554632E-16,0.));
#1959=DIRECTION('',(0.,0.,-1.));
#1960=DIRECTION('',(-1.,0.,0.));
#1961=DIRECTION('',(0.,0.,1.));
#1962=DIRECTION('',(0.,0.999390827019096,0.0348994967025009));
#1963=DIRECTION('',(0.,0.,-1.));
#1964=DIRECTION('',(0.,1.,0.));
#1965=DIRECTION('',(0.,0.,-1.));
#1966=DIRECTION('',(0.,1.,0.));
#1967=DIRECTION('',(0.,0.,1.));
#1968=DIRECTION('',(-1.,0.,0.));
#1969=DIRECTION('',(1.,0.,0.));
#1970=DIRECTION('',(-1.29367480554632E-16,1.,0.));
#1971=DIRECTION('',(-1.,-1.29367480554632E-16,0.));
#1972=DIRECTION('',(1.,1.29367480554632E-16,0.));
#1973=DIRECTION('',(0.,0.,-1.));
#1974=DIRECTION('',(1.,1.29367480554632E-16,0.));
#1975=DIRECTION('',(0.,0.,-1.));
#1976=DIRECTION('',(0.,-1.,0.));
#1977=DIRECTION('',(0.,0.,-1.));
#1978=DIRECTION('',(-1.,0.,0.));
#1979=DIRECTION('',(1.,0.,0.));
#1980=DIRECTION('',(4.51485996102723E-18,-0.0348994967025009,0.999390827019096));
#1981=DIRECTION('',(1.2928867338087E-16,-0.999390827019096,-0.0348994967025009));
#1982=DIRECTION('',(4.51485996102723E-18,-0.0348994967025009,0.999390827019096));
#1983=DIRECTION('',(1.2928867338087E-16,-0.999390827019096,-0.0348994967025009));
#1984=DIRECTION('',(4.51485996102723E-18,-0.0348994967025009,0.999390827019096));
#1985=DIRECTION('',(1.2928867338087E-16,-0.999390827019096,-0.0348994967025009));
#1986=DIRECTION('',(4.51485996102723E-18,-0.0348994967025009,0.999390827019096));
#1987=DIRECTION('',(1.2928867338087E-16,-0.999390827019096,-0.0348994967025009));
#1988=DIRECTION('',(4.51485996102723E-18,-0.0348994967025009,0.999390827019096));
#1989=DIRECTION('',(1.2928867338087E-16,-0.999390827019096,-0.0348994967025009));
#1990=DIRECTION('',(-0.999996550399824,0.00262503055493782,9.16680869177829E-5));
#1991=DIRECTION('',(-0.0348782627423746,0.998782765958718,0.0348782627423746));
#1992=DIRECTION('',(1.,-4.68107884344095E-18,-4.68107884344095E-18));
#1993=DIRECTION('',(0.0348782627423746,0.998782765958718,0.0348782627423746));
#1994=DIRECTION('',(0.0348782627423747,0.998782765958718,0.0348782627423746));
#1995=DIRECTION('',(-1.,-4.36517664090853E-18,4.36517664090852E-18));
#1996=DIRECTION('',(0.999995104863802,-0.00312703120508888,-0.000109198335906415));
#1997=DIRECTION('',(-1.,-4.36517664090853E-18,4.36517664090852E-18));
#1998=DIRECTION('',(0.999995073025848,0.00313718380031933,0.000109552872344192));
#1999=DIRECTION('',(-1.,-4.36517664090853E-18,4.36517664090852E-18));
#2000=DIRECTION('',(0.999995008410991,-0.00315768805820294,-0.000110268896807354));
#2001=DIRECTION('',(-1.,-4.36517664090853E-18,4.36517664090852E-18));
#2002=DIRECTION('',(-0.0348782627423747,0.998782765958718,0.0348782627423746));
#2003=DIRECTION('',(1.,-4.68107884344096E-18,-4.68107884344095E-18));
#2004=DIRECTION('',(4.51485996102723E-18,-0.0348994967025009,0.999390827019096));
#2005=DIRECTION('',(1.2928867338087E-16,-0.999390827019096,-0.0348994967025009));
#2006=DIRECTION('',(4.51485996102723E-18,-0.0348994967025009,0.999390827019096));
#2007=DIRECTION('',(1.2928867338087E-16,-0.999390827019096,-0.0348994967025009));
#2008=DIRECTION('',(4.51485996102723E-18,-0.0348994967025009,0.999390827019096));
#2009=DIRECTION('',(-1.2928867338087E-16,0.999390827019096,0.0348994967025009));
#2010=DIRECTION('',(4.51485996102723E-18,-0.0348994967025009,0.999390827019096));
#2011=DIRECTION('',(-1.2928867338087E-16,0.999390827019096,0.0348994967025009));
#2012=DIRECTION('',(0.,0.,1.));
#2013=DIRECTION('',(1.,0.,0.));
#2014=DIRECTION('',(0.,0.,1.));
#2015=DIRECTION('',(1.,0.,0.));
#2016=DIRECTION('',(0.,0.,1.));
#2017=DIRECTION('',(1.,0.,0.));
#2018=DIRECTION('',(0.,0.,1.));
#2019=DIRECTION('',(1.,0.,0.));
#2020=DIRECTION('',(0.,0.,1.));
#2021=DIRECTION('',(1.,0.,0.));
#2022=DIRECTION('',(0.,0.,1.));
#2023=DIRECTION('',(1.,0.,0.));
#2024=DIRECTION('',(0.,0.,1.));
#2025=DIRECTION('',(1.,0.,0.));
#2026=DIRECTION('',(0.,0.,1.));
#2027=DIRECTION('',(1.,0.,0.));
#2028=DIRECTION('',(0.,0.,1.));
#2029=DIRECTION('',(1.,0.,0.));
#2030=DIRECTION('',(0.,1.,0.));
#2031=DIRECTION('',(-1.,0.,0.));
#2032=DIRECTION('',(0.,-1.,0.));
#2033=DIRECTION('',(1.,2.3897255148087E-15,0.));
#2034=DIRECTION('',(1.,0.,0.));
#2035=DIRECTION('',(0.,1.,0.));
#2036=DIRECTION('',(-1.,-2.38972551480838E-15,0.));
#2037=DIRECTION('',(0.,-1.,0.));
#2038=DIRECTION('',(1.,0.,0.));
#2039=DIRECTION('',(0.,1.,0.));
#2040=DIRECTION('',(-1.,0.,0.));
#2041=DIRECTION('',(0.,-1.,0.));
#2042=DIRECTION('',(1.,0.,0.));
#2043=DIRECTION('',(0.,1.,0.));
#2044=DIRECTION('',(-1.,0.,0.));
#2045=DIRECTION('',(0.,-1.,0.));
#2046=DIRECTION('',(-1.,0.,0.));
#2047=DIRECTION('',(0.,-1.,0.));
#2048=DIRECTION('',(1.,0.,0.));
#2049=DIRECTION('',(0.,1.,0.));
#2050=DIRECTION('',(-1.,0.,0.));
#2051=DIRECTION('',(0.,-1.,0.));
#2052=DIRECTION('',(1.,0.,0.));
#2053=DIRECTION('',(0.,1.,0.));
#2054=DIRECTION('',(0.,-1.,0.));
#2055=DIRECTION('',(1.,0.,0.));
#2056=DIRECTION('',(0.,1.,0.));
#2057=DIRECTION('',(-1.,0.,0.));
#2058=DIRECTION('',(1.,0.,0.));
#2059=DIRECTION('',(0.,-1.,0.));
#2060=DIRECTION('',(-1.,0.,0.));
#2061=DIRECTION('',(0.,-1.,0.));
#2062=DIRECTION('',(0.,0.707106781186547,0.707106781186548));
#2063=DIRECTION('',(1.,0.,0.));
#2064=DIRECTION('',(-0.577350269189626,0.577350269189626,-0.577350269189626));
#2065=DIRECTION('',(0.00228835348527982,0.707104929779989,-0.707104929779989));
#2066=DIRECTION('',(-0.00228835947685736,-0.707103078349192,-0.707106781186548));
#2067=DIRECTION('',(0.999994763397194,-0.00323622900775668,0.));
#2068=DIRECTION('',(1.19831988484296E-8,0.707108632588258,-0.70710492977999));
#2069=DIRECTION('',(0.707106781186547,0.,-0.707106781186548));
#2070=DIRECTION('',(0.,1.,0.));
#2071=DIRECTION('',(0.,0.707106781186547,0.707106781186548));
#2072=DIRECTION('',(1.,0.,0.));
#2073=DIRECTION('',(-0.00229578308710245,0.707104917738527,-0.707104917738526));
#2074=DIRECTION('',(0.00229578913722625,-0.707103054265952,-0.707106781186547));
#2075=DIRECTION('',(0.999994729338348,0.00324673613421418,0.));
#2076=DIRECTION('',(-1.21002953406922E-8,0.707108644629658,-0.707104917738526));
#2077=DIRECTION('',(0.,0.707106781186547,0.707106781186548));
#2078=DIRECTION('',(1.,0.,0.));
#2079=DIRECTION('',(0.0023107879657292,0.707104893300484,-0.707104893300484));
#2080=DIRECTION('',(0.,-0.707106781186547,0.707106781186548));
#2081=DIRECTION('',(-1.,0.,0.));
#2082=DIRECTION('',(-1.,0.,0.));
#2083=DIRECTION('',(0.,0.707106781186548,0.707106781186547));
#2084=DIRECTION('',(-0.00231079413525801,-0.707103005389222,-0.707106781186544));
#2085=DIRECTION('',(0.999994660216208,-0.00326795640593406,0.));
#2086=DIRECTION('',(1.23391078011308E-8,0.707108669067565,-0.707104893300489));
#2087=DIRECTION('',(0.00179135800339586,0.707104512103058,-0.707106781186547));
#2088=DIRECTION('',(-0.999996791031355,0.002533362783468,0.));
#2089=DIRECTION('',(-0.999998395516965,0.00126668139173563,-0.00126668139173563));
#2090=DIRECTION('',(-0.57686210485878,0.578325361674374,0.57686210485878));
#2091=DIRECTION('',(0.00179135800339652,0.707104512103058,0.707106781186548));
#2092=DIRECTION('',(0.,0.707106781186547,0.707106781186548));
#2093=DIRECTION('',(1.,0.,0.));
#2094=DIRECTION('',(-0.577350269189626,-0.577350269189626,0.577350269189626));
#2095=DIRECTION('',(0.,-0.707106781186547,0.707106781186548));
#2096=DIRECTION('',(-1.,0.,0.));
#2097=DIRECTION('',(0.577350269189626,-0.577350269189626,-0.577350269189626));
#2098=DIRECTION('',(0.707106781186547,0.,0.707106781186548));
#2099=DIRECTION('',(0.,-1.,0.));
#2100=DIRECTION('',(0.,-0.707106781186548,-0.707106781186548));
#2101=DIRECTION('',(1.,0.,0.));
#2102=DIRECTION('',(-0.577350269189626,0.577350269189626,-0.577350269189626));
#2103=DIRECTION('',(-0.577350269189626,-0.577350269189626,0.577350269189626));
#2104=DIRECTION('',(0.707106781186548,0.,0.707106781186548));
#2105=DIRECTION('',(0.,-1.,0.));
#2106=DIRECTION('',(-0.577350269189626,0.577350269189626,0.577350269189626));
#2107=DIRECTION('',(0.707106781186548,0.,-0.707106781186548));
#2108=DIRECTION('',(0.,1.,0.));
#2109=DIRECTION('',(0.577350269189626,0.577350269189626,0.577350269189626));
#2110=DIRECTION('',(0.,-0.707106781186548,0.707106781186548));
#2111=DIRECTION('',(-1.,0.,0.));
#2112=DIRECTION('',(0.,1.,0.));
#2113=DIRECTION('',(0.,0.,1.));
#2114=DIRECTION('',(0.,0.,-1.));
#2115=DIRECTION('',(1.,0.,0.));
#2116=DIRECTION('',(0.,0.,-1.));
#2117=DIRECTION('',(1.,0.,0.));
#2118=DIRECTION('',(0.,0.,-1.));
#2119=DIRECTION('',(0.,0.,-1.));
#2120=DIRECTION('',(0.,-1.,0.));
#2121=DIRECTION('',(0.,-1.,0.));
#2122=DIRECTION('',(0.,0.,-1.));
#2123=DIRECTION('',(0.,0.,-1.));
#2124=DIRECTION('',(-1.,0.,0.));
#2125=DIRECTION('',(1.,0.,0.));
#2126=DIRECTION('',(0.,0.,-1.));
#2127=DIRECTION('',(0.,0.,-1.));
#2128=DIRECTION('',(0.,-1.,0.));
#2129=DIRECTION('',(0.,0.,-1.));
#2130=DIRECTION('',(0.,-1.,0.));
#2131=DIRECTION('',(0.,0.,-1.));
#2132=DIRECTION('',(0.,0.,-1.));
#2133=DIRECTION('',(-1.,0.,0.));
#2134=DIRECTION('',(-1.,0.,0.));
#2135=DIRECTION('',(0.,0.,1.));
#2136=DIRECTION('',(0.,0.,-1.));
#2137=DIRECTION('',(0.,1.,0.));
#2138=DIRECTION('',(0.,-1.,0.));
#2139=DIRECTION('',(0.,0.,-1.));
#2140=DIRECTION('',(0.,0.,-1.));
#2141=DIRECTION('',(-1.,0.,0.));
#2142=DIRECTION('',(0.,0.,-1.));
#2143=DIRECTION('',(-1.,0.,0.));
#2144=DIRECTION('',(0.,0.,1.));
#2145=DIRECTION('',(0.,0.,-1.));
#2146=DIRECTION('',(0.,1.,0.));
#2147=DIRECTION('',(0.,1.,0.));
#2148=DIRECTION('',(0.,0.,1.));
#2149=DIRECTION('',(0.,0.,-1.));
#2150=DIRECTION('',(1.,0.,0.));
#2151=DIRECTION('',(0.,-1.,0.));
#2152=DIRECTION('',(0.,0.,-1.));
#2153=DIRECTION('',(0.,0.,-1.));
#2154=DIRECTION('',(-1.,0.,0.));
#2155=DIRECTION('',(0.,0.,-1.));
#2156=DIRECTION('',(-1.,0.,0.));
#2157=DIRECTION('',(0.,0.,1.));
#2158=DIRECTION('',(0.,0.,-1.));
#2159=DIRECTION('',(0.,1.,0.));
#2160=DIRECTION('',(0.,1.,0.));
#2161=DIRECTION('',(0.,0.,1.));
#2162=DIRECTION('',(0.,0.,-1.));
#2163=DIRECTION('',(1.,0.,0.));
#2164=DIRECTION('',(0.,1.,0.));
#2165=DIRECTION('',(0.,0.,1.));
#2166=DIRECTION('',(0.,0.,-1.));
#2167=DIRECTION('',(1.,0.,0.));
#2168=DIRECTION('',(0.,0.,-1.));
#2169=DIRECTION('',(1.,0.,0.));
#2170=DIRECTION('',(0.,0.,-1.));
#2171=DIRECTION('',(0.,0.,-1.));
#2172=DIRECTION('',(0.,-1.,0.));
#2173=DIRECTION('',(0.,-1.,0.));
#2174=DIRECTION('',(0.,0.,-1.));
#2175=DIRECTION('',(0.,0.,-1.));
#2176=DIRECTION('',(-1.,0.,0.));
#2177=DIRECTION('',(0.,1.,0.));
#2178=DIRECTION('',(0.,0.,1.));
#2179=DIRECTION('',(0.,0.,-1.));
#2180=DIRECTION('',(1.,0.,0.));
#2181=DIRECTION('',(0.,0.,-1.));
#2182=DIRECTION('',(1.,0.,0.));
#2183=DIRECTION('',(0.,0.,-1.));
#2184=DIRECTION('',(0.,0.,-1.));
#2185=DIRECTION('',(0.,-1.,0.));
#2186=DIRECTION('',(0.,-1.,0.));
#2187=DIRECTION('',(0.,0.,-1.));
#2188=DIRECTION('',(0.,0.,-1.));
#2189=DIRECTION('',(-1.,0.,0.));
#2190=DIRECTION('',(0.,1.,0.));
#2191=DIRECTION('',(0.,0.,1.));
#2192=DIRECTION('',(0.,0.,-1.));
#2193=DIRECTION('',(1.,0.,0.));
#2194=DIRECTION('',(0.,0.,-1.));
#2195=DIRECTION('',(1.,0.,0.));
#2196=DIRECTION('',(0.,0.,-1.));
#2197=DIRECTION('',(0.,0.,-1.));
#2198=DIRECTION('',(0.,-1.,0.));
#2199=DIRECTION('',(2.38972551480838E-15,-1.,0.));
#2200=DIRECTION('',(1.,2.38972551480838E-15,0.));
#2201=DIRECTION('',(0.,0.,-1.));
#2202=DIRECTION('',(-1.,-2.38972551480838E-15,0.));
#2203=DIRECTION('',(-1.,0.,0.));
#2204=DIRECTION('',(0.,0.,1.));
#2205=DIRECTION('',(0.,0.,-1.));
#2206=DIRECTION('',(0.,1.,0.));
#2207=DIRECTION('',(0.,0.,-1.));
#2208=DIRECTION('',(-2.3897255148087E-15,1.,0.));
#2209=DIRECTION('',(-1.,-2.3897255148087E-15,0.));
#2210=DIRECTION('',(0.,0.,-1.));
#2211=DIRECTION('',(1.,2.3897255148087E-15,0.));
#2212=DIRECTION('',(1.,0.,0.));
#2213=DIRECTION('',(0.,0.,-1.));
#2214=DIRECTION('',(0.,0.,-1.));
#2215=DIRECTION('',(0.,-1.,0.));
#2216=DIRECTION('',(0.,1.,0.));
#2217=DIRECTION('',(0.,0.,1.));
#2218=DIRECTION('',(1.,0.,0.));
#2219=DIRECTION('',(1.,0.,0.));
#2220=DIRECTION('',(0.,0.,-1.));
#2221=DIRECTION('',(0.,-1.,0.));
#2222=DIRECTION('',(1.,0.,0.));
#2223=DIRECTION('',(0.,0.,-1.));
#2224=DIRECTION('',(0.,-1.,0.));
#2225=DIRECTION('',(-1.,0.,0.));
#2226=DIRECTION('',(0.,0.,1.));
#2227=DIRECTION('',(0.,1.,0.));
#2228=DIRECTION('',(-1.,0.,0.));
#2229=DIRECTION('',(0.,0.,1.));
#2230=DIRECTION('',(0.,1.,0.));
#2231=DIRECTION('',(-1.,0.,0.));
#2232=DIRECTION('',(0.,0.,1.));
#2233=DIRECTION('',(0.,1.,0.));
#2234=DIRECTION('',(0.,-1.,0.));
#2235=DIRECTION('',(0.,0.,-1.));
#2236=DIRECTION('',(-1.,0.,0.));
#2237=DIRECTION('',(1.,0.,0.));
#2238=DIRECTION('',(0.,0.,-1.));
#2239=DIRECTION('',(0.,-1.,0.));
#2240=DIRECTION('',(0.,0.,1.));
#2241=DIRECTION('',(1.,0.,0.));
#2242=DIRECTION('',(0.,0.,-1.));
#2243=DIRECTION('',(-1.,0.,0.));
#2244=DIRECTION('',(0.,0.,-1.));
#2245=DIRECTION('',(-1.,0.,0.));
#2246=DIRECTION('',(0.,0.,1.));
#2247=DIRECTION('',(1.,0.,0.));
#2248=DIRECTION('',(0.,0.,-1.));
#2249=DIRECTION('',(-1.,0.,0.));
#2250=DIRECTION('',(0.,0.,-1.));
#2251=DIRECTION('',(-1.,0.,0.));
#2252=DIRECTION('',(0.,0.,-1.));
#2253=DIRECTION('',(-1.,0.,0.));
#2254=DIRECTION('',(0.,0.,-1.));
#2255=DIRECTION('',(-1.,0.,0.));
#2256=DIRECTION('',(0.,0.,1.));
#2257=DIRECTION('',(1.,0.,0.));
#2258=DIRECTION('',(0.,0.,-1.));
#2259=DIRECTION('',(-1.,0.,0.));
#2260=DIRECTION('',(0.,0.,-1.));
#2261=DIRECTION('',(-1.,0.,0.));
#2262=DIRECTION('',(0.,0.,-1.));
#2263=DIRECTION('',(-1.,0.,0.));
#2264=DIRECTION('',(0.,0.,-1.));
#2265=DIRECTION('',(-1.,0.,0.));
#2266=DIRECTION('',(0.,0.,1.));
#2267=DIRECTION('',(1.,0.,0.));
#2268=DIRECTION('',(0.,0.,-1.));
#2269=DIRECTION('',(-1.,0.,0.));
#2270=DIRECTION('',(0.,0.,-1.));
#2271=DIRECTION('',(-1.,0.,0.));
#2272=DIRECTION('',(0.,0.,-1.));
#2273=DIRECTION('',(-1.,0.,0.));
#2274=DIRECTION('',(0.,0.,-1.));
#2275=DIRECTION('',(-1.,0.,0.));
#2276=DIRECTION('',(0.,0.,1.));
#2277=DIRECTION('',(1.,0.,0.));
#2278=DIRECTION('',(0.,0.,-1.));
#2279=DIRECTION('',(-1.,0.,0.));
#2280=DIRECTION('',(0.,0.,-1.));
#2281=DIRECTION('',(-1.,0.,0.));
#2282=DIRECTION('',(0.,0.,-1.));
#2283=DIRECTION('',(-1.,0.,0.));
#2284=DIRECTION('',(0.,0.,-1.));
#2285=DIRECTION('',(-1.,0.,0.));
#2286=DIRECTION('',(0.,0.,1.));
#2287=DIRECTION('',(1.,0.,0.));
#2288=DIRECTION('',(0.,0.,1.));
#2289=DIRECTION('',(1.,0.,0.));
#2290=CARTESIAN_POINT('',(0.,0.,0.));
#2291=CARTESIAN_POINT('',(-0.00418835640586654,0.000300886437007921,0.0025));
#2292=CARTESIAN_POINT('',(-0.00481812626314312,0.00199000296544173,0.0041889859715662));
#2293=CARTESIAN_POINT('',(-0.00572478838088381,0.00199009692794003,0.00418889200906789));
#2294=CARTESIAN_POINT('',(-0.00265157440586445,0.00198977843700793,0.00418921050000001));
#2295=CARTESIAN_POINT('',(-0.00572513840586863,0.00030120493700792,0.0025));
#2296=CARTESIAN_POINT('',(-0.00572513840586863,0.00030120493700792,0.0025));
#2297=CARTESIAN_POINT('',(-0.00418835640586654,0.000300886437007921,0.0025));
#2298=CARTESIAN_POINT('',(-0.00265157440586445,0.000300567937007924,0.0025));
#2299=CARTESIAN_POINT('',(-0.00265157440586445,0.000300567937007924,0.0025));
#2300=CARTESIAN_POINT('',(-0.00418282803149606,0.000800567937007925,0.003));
#2301=CARTESIAN_POINT('',(-0.00481782803149606,0.00198977843700793,0.00418921050000001));
#2302=CARTESIAN_POINT('',(0.0123713824685039,0.00198977843700793,0.00418921050000001));
#2303=CARTESIAN_POINT('',(-0.00265157440586445,0.000300567937007924,0.0025));
#2304=CARTESIAN_POINT('',(0.0333721719685039,0.000300567937007924,0.0025));
#2305=CARTESIAN_POINT('',(0.0300302421351706,-0.00304136189632541,-0.000841929833333332));
#2306=CARTESIAN_POINT('',(0.0357693923863098,0.00269778835481372,0.0048972204178058));
#2307=CARTESIAN_POINT('',(-0.00418282803149606,0.00269778835481373,0.0048972204178058));
#2308=CARTESIAN_POINT('',(0.0130793923863097,0.00269778835481373,0.0048972204178058));
#2309=CARTESIAN_POINT('',(0.00606050530183727,-0.00432109872965874,-0.00212166666666666));
#2310=CARTESIAN_POINT('',(0.00533337378131975,0.000300567937007924,0.003));
#2311=CARTESIAN_POINT('',(0.023345246968504,0.000300567937007931,0.0015));
#2312=CARTESIAN_POINT('',(0.0333721719685039,0.000300567937007931,0.0015));
#2313=CARTESIAN_POINT('',(-0.00265157440586446,0.000300567937007931,0.0015));
#2314=CARTESIAN_POINT('',(0.0333721719685039,0.000300567937007924,0.003));
#2315=CARTESIAN_POINT('',(-0.00265157440586445,0.000300567937007924,0.003));
#2316=CARTESIAN_POINT('',(0.0333721719685039,-0.00972522156299208,0.003));
#2317=CARTESIAN_POINT('',(0.0333721719685039,-0.028236011062992,0.0015));
#2318=CARTESIAN_POINT('',(0.0333721719685039,-0.036721011062992,0.0015));
#2319=CARTESIAN_POINT('',(0.0333721719685039,-0.0367210110629921,0.003));
#2320=CARTESIAN_POINT('',(0.0333721719685039,-0.0367210110629921,0.0025));
#2321=CARTESIAN_POINT('',(0.0333721719685039,-0.00972522156299208,0.0025));
#2322=CARTESIAN_POINT('',(-0.041737828031496,-0.00817601106299207,0.003));
#2323=CARTESIAN_POINT('',(-0.041737828031496,-0.0367110110629921,0.003));
#2324=CARTESIAN_POINT('',(-0.041737828031496,-0.0367110110629921,0.0025));
#2325=CARTESIAN_POINT('',(-0.041737828031496,-0.0367110110629921,0.0015));
#2326=CARTESIAN_POINT('',(-0.0417378280314961,-0.00817601106299206,0.0015));
#2327=CARTESIAN_POINT('',(-0.0417378280314961,0.000308988937007953,0.0015));
#2328=CARTESIAN_POINT('',(-0.041737828031496,0.00030898893700794,0.003));
#2329=CARTESIAN_POINT('',(-0.041737828031496,0.00030898893700794,0.0025));
#2330=CARTESIAN_POINT('',(-0.041737828031496,-0.0367110110629921,0.0025));
#2331=CARTESIAN_POINT('',(-0.033252194689784,0.00030898893700794,0.003));
#2332=CARTESIAN_POINT('',(-0.033252194689784,0.000308988937007947,0.0015));
#2333=CARTESIAN_POINT('',(-0.0247665613480719,0.000308988937007942,0.0015));
#2334=CARTESIAN_POINT('',(-0.0247665613480719,0.000308988937007938,0.003));
#2335=CARTESIAN_POINT('',(-0.0247665613480719,0.000308988937007938,0.0025));
#2336=CARTESIAN_POINT('',(-0.041737828031496,0.00030898893700794,0.0025));
#2337=CARTESIAN_POINT('',(-0.0232302683480719,0.000305096937007929,0.003));
#2338=CARTESIAN_POINT('',(-0.0232302683480729,0.000305096937007935,0.0015));
#2339=CARTESIAN_POINT('',(-0.0216939753480737,0.000301204937007929,0.0015));
#2340=CARTESIAN_POINT('',(-0.021693975348072,0.000301204937007922,0.003));
#2341=CARTESIAN_POINT('',(-0.021693975348072,0.000301204937007922,0.0025));
#2342=CARTESIAN_POINT('',(-0.0232302683480719,0.000305096937007929,0.0025));
#2343=CARTESIAN_POINT('',(-0.0137095568769703,0.000301204937007922,0.003));
#2344=CARTESIAN_POINT('',(-0.0137095568769712,0.000301204937007929,0.0015));
#2345=CARTESIAN_POINT('',(-0.00572513840586864,0.000301204937007927,0.0015));
#2346=CARTESIAN_POINT('',(-0.00572513840586863,0.00030120493700792,0.003));
#2347=CARTESIAN_POINT('',(-0.021693975348072,0.000301204937007922,0.0025));
#2348=CARTESIAN_POINT('',(-0.00418835640586654,0.000300886437007921,0.003));
#2349=CARTESIAN_POINT('',(-0.00418835640586655,0.000300886437007928,0.0015));
#2350=CARTESIAN_POINT('',(0.0248863629091333,-0.0367210110629921,0.003));
#2351=CARTESIAN_POINT('',(0.0248863629091333,-0.036721011062992,0.0015));
#2352=CARTESIAN_POINT('',(0.0164005538497626,-0.036721011062992,0.0015));
#2353=CARTESIAN_POINT('',(0.0164005538497626,-0.0367210110629921,0.003));
#2354=CARTESIAN_POINT('',(0.0164005538497626,-0.0367210110629921,0.0025));
#2355=CARTESIAN_POINT('',(0.0333721719685039,-0.0367210110629921,0.0025));
#2356=CARTESIAN_POINT('',(0.0148555538497627,-0.0367160110629921,0.003));
#2357=CARTESIAN_POINT('',(0.0148555538497627,-0.036716011062992,0.0015));
#2358=CARTESIAN_POINT('',(0.0133105538497627,-0.0367110110629921,0.0015));
#2359=CARTESIAN_POINT('',(0.0133105538497627,-0.0367110110629921,0.003));
#2360=CARTESIAN_POINT('',(0.0133105538497627,-0.0367110110629921,0.0025));
#2361=CARTESIAN_POINT('',(0.0148555538497627,-0.0367160110629921,0.0025));
#2362=CARTESIAN_POINT('',(0.00532717459530627,-0.0367110110629921,0.003));
#2363=CARTESIAN_POINT('',(0.00532717459530627,-0.0367110110629921,0.0015));
#2364=CARTESIAN_POINT('',(-0.00265620465915014,-0.0367110110629921,0.0015));
#2365=CARTESIAN_POINT('',(-0.00265620465915012,-0.0367110110629921,0.003));
#2366=CARTESIAN_POINT('',(-0.00265620465915012,-0.0367110110629921,0.0025));
#2367=CARTESIAN_POINT('',(0.0133105538497627,-0.0367110110629921,0.0025));
#2368=CARTESIAN_POINT('',(-0.00419620465915011,-0.0367160110629921,0.003));
#2369=CARTESIAN_POINT('',(-0.00419620465915012,-0.036716011062992,0.0015));
#2370=CARTESIAN_POINT('',(-0.0057362046591501,-0.036721011062992,0.0015));
#2371=CARTESIAN_POINT('',(-0.0057362046591501,-0.0367210110629921,0.003));
#2372=CARTESIAN_POINT('',(-0.0057362046591501,-0.0367210110629921,0.0025));
#2373=CARTESIAN_POINT('',(-0.00419620465915011,-0.0367160110629921,0.0025));
#2374=CARTESIAN_POINT('',(-0.0137228333366064,-0.0367210110629921,0.003));
#2375=CARTESIAN_POINT('',(-0.0137228333366064,-0.036721011062992,0.0015));
#2376=CARTESIAN_POINT('',(-0.0217094620140626,-0.036721011062992,0.0015));
#2377=CARTESIAN_POINT('',(-0.0217094620140626,-0.036721011062992,0.003));
#2378=CARTESIAN_POINT('',(-0.0217094620140626,-0.036721011062992,0.0025));
#2379=CARTESIAN_POINT('',(-0.0057362046591501,-0.0367210110629921,0.0025));
#2380=CARTESIAN_POINT('',(-0.0232394620140626,-0.036716011062992,0.003));
#2381=CARTESIAN_POINT('',(-0.0232394620140626,-0.036716011062992,0.0015));
#2382=CARTESIAN_POINT('',(-0.0247694620140626,-0.0367110110629921,0.0015));
#2383=CARTESIAN_POINT('',(-0.0247694620140626,-0.0367110110629921,0.003));
#2384=CARTESIAN_POINT('',(-0.0247694620140626,-0.0367110110629921,0.0025));
#2385=CARTESIAN_POINT('',(-0.0232394620140626,-0.036716011062992,0.0025));
#2386=CARTESIAN_POINT('',(0.0109321719685039,0.0104289889370079,0.003));
#2387=CARTESIAN_POINT('',(0.0109321719685039,0.00342898893700793,0.003));
#2388=CARTESIAN_POINT('',(0.0109321719685039,0.00342898893700793,0.00275));
#2389=CARTESIAN_POINT('',(0.0109321719685039,0.00342898893700793,0.));
#2390=CARTESIAN_POINT('',(0.0109321719685039,0.0104289889370079,0.00275));
#2391=CARTESIAN_POINT('',(0.0109321719685039,0.0174289889370079,0.00275));
#2392=CARTESIAN_POINT('',(0.0109321719685039,0.0174289889370079,0.003));
#2393=CARTESIAN_POINT('',(0.0109321719685039,0.0174289889370079,0.));
#2394=CARTESIAN_POINT('',(0.0109321719685039,0.0104289889370079,0.));
#2395=CARTESIAN_POINT('',(-0.00481782803149606,0.00342898893700793,0.003));
#2396=CARTESIAN_POINT('',(-0.020567828031496,0.00342898893700793,0.003));
#2397=CARTESIAN_POINT('',(-0.020567828031496,0.00342898893700793,0.00275));
#2398=CARTESIAN_POINT('',(-0.020567828031496,0.00342898893700793,0.));
#2399=CARTESIAN_POINT('',(-0.00481782803149606,0.00342898893700793,0.00275));
#2400=CARTESIAN_POINT('',(-0.00481782803149606,0.00342898893700793,0.));
#2401=CARTESIAN_POINT('',(-0.020567828031496,0.0104289889370079,0.003));
#2402=CARTESIAN_POINT('',(-0.020567828031496,0.0174289889370079,0.003));
#2403=CARTESIAN_POINT('',(-0.020567828031496,0.0174289889370079,0.00275));
#2404=CARTESIAN_POINT('',(-0.020567828031496,0.0174289889370079,0.));
#2405=CARTESIAN_POINT('',(-0.020567828031496,0.00342898893700793,0.00275));
#2406=CARTESIAN_POINT('',(-0.020567828031496,0.0104289889370079,0.));
#2407=CARTESIAN_POINT('',(0.0494542519685039,-0.00914649606299209,0.003));
#2408=CARTESIAN_POINT('',(0.0494542519685039,-0.00914649606299209,0.));
#2409=CARTESIAN_POINT('',(0.0494542519685039,0.0313385039370079,0.));
#2410=CARTESIAN_POINT('',(0.0494542519685039,-0.0496314960629921,0.));
#2411=CARTESIAN_POINT('',(0.0494542519685039,0.0313385039370079,0.003));
#2412=CARTESIAN_POINT('',(0.0494542519685039,0.0313385039370079,0.00589737624473031));
#2413=CARTESIAN_POINT('',(0.0494542519685039,-0.00919824172534778,0.00448180189350958));
#2414=CARTESIAN_POINT('',(0.0494542519685039,-0.0496314960629921,0.00306984153898349));
#2415=CARTESIAN_POINT('',(0.0494542519685039,-0.0496314960629921,0.));
#2416=CARTESIAN_POINT('',(-0.00418282803149606,0.0333385039370079,0.003));
#2417=CARTESIAN_POINT('',(-0.00418282803149606,0.0333385039370079,0.0059672177837138));
#2418=CARTESIAN_POINT('',(-0.0558199080314961,0.0333385039370079,0.0059672177837138));
#2419=CARTESIAN_POINT('',(0.0474542519685039,0.0333385039370079,0.0059672177837138));
#2420=CARTESIAN_POINT('',(0.0474542519685039,0.0333385039370079,0.003));
#2421=CARTESIAN_POINT('',(0.0474542519685039,0.0333385039370079,0.));
#2422=CARTESIAN_POINT('',(-0.00418282803149606,0.0333385039370079,0.));
#2423=CARTESIAN_POINT('',(-0.0558199080314961,0.0333385039370079,0.));
#2424=CARTESIAN_POINT('',(-0.0558199080314961,0.0333385039370079,0.003));
#2425=CARTESIAN_POINT('',(-0.0578199080314961,-0.00914649606299211,0.003));
#2426=CARTESIAN_POINT('',(-0.0578199080314961,-0.00919824172534779,0.00448180189350958));
#2427=CARTESIAN_POINT('',(-0.0578199080314961,-0.0496314960629921,0.00306984153898349));
#2428=CARTESIAN_POINT('',(-0.0578199080314961,0.0313385039370079,0.00589737624473031));
#2429=CARTESIAN_POINT('',(-0.0578199080314961,0.0313385039370079,0.003));
#2430=CARTESIAN_POINT('',(-0.0578199080314961,0.0313385039370079,0.));
#2431=CARTESIAN_POINT('',(-0.0578199080314961,-0.00914649606299211,0.));
#2432=CARTESIAN_POINT('',(-0.0578199080314961,-0.0496314960629921,0.));
#2433=CARTESIAN_POINT('',(-0.0578199080314961,-0.0496314960629921,0.003));
#2434=CARTESIAN_POINT('',(-0.00481782803149606,0.0174289889370079,0.003));
#2435=CARTESIAN_POINT('',(-0.020567828031496,0.0174289889370079,0.00275));
#2436=CARTESIAN_POINT('',(-0.00481782803149606,0.0174289889370079,0.));
#2437=CARTESIAN_POINT('',(-0.00418282803149606,-0.0516314960629921,0.003));
#2438=CARTESIAN_POINT('',(-0.00418282803149606,-0.0516314960629921,0.003));
#2439=CARTESIAN_POINT('',(-0.0558199080314961,-0.0516314960629921,0.003));
#2440=CARTESIAN_POINT('',(0.0474542519685039,-0.0516314960629921,0.003));
#2441=CARTESIAN_POINT('',(-0.0558199080314961,-0.0516314960629921,0.));
#2442=CARTESIAN_POINT('',(-0.0558199080314961,-0.0516314960629921,0.));
#2443=CARTESIAN_POINT('',(-0.00418282803149606,-0.0516314960629921,0.));
#2444=CARTESIAN_POINT('',(0.0474542519685039,-0.0516314960629921,0.));
#2445=CARTESIAN_POINT('',(0.0474542519685039,-0.0516314960629921,0.003));
#2446=CARTESIAN_POINT('',(-0.0332536450227793,-0.0367110110629921,0.003));
#2447=CARTESIAN_POINT('',(-0.0332536450227793,-0.0367110110629921,0.0015));
#2448=CARTESIAN_POINT('',(-0.0247694620140626,-0.0367110110629921,0.0025));
#2449=CARTESIAN_POINT('',(-0.00418282803149606,-0.0516314960629921,0.003));
#2450=CARTESIAN_POINT('',(-0.0538199080314961,-0.0476314960629921,0.00313968307796699));
#2451=CARTESIAN_POINT('',(-0.0538199080314961,-0.0506314960629921,0.00303492076949175));
#2452=CARTESIAN_POINT('',(0.0454542519685039,-0.0476314960629921,0.00313968307796699));
#2453=CARTESIAN_POINT('',(0.0454542519685039,-0.0506314960629921,0.00303492076949175));
#2454=CARTESIAN_POINT('',(0.0454542519685039,0.0293385039370079,0.00582753470574681));
#2455=CARTESIAN_POINT('',(0.0454542519685039,0.0263385039370079,0.00572277239727157));
#2456=CARTESIAN_POINT('',(-0.0538199080314961,0.0293385039370079,0.00582753470574681));
#2457=CARTESIAN_POINT('',(-0.0538199080314961,0.0263385039370079,0.00572277239727157));
#2458=CARTESIAN_POINT('',(-0.00404015763487226,0.00265211440453839,0.00489562544831646));
#2459=CARTESIAN_POINT('',(-0.0247604875478499,0.00270650609129792,0.00489752484787205));
#2460=CARTESIAN_POINT('',(-0.0227151653879518,0.00270113703961242,0.00489733735645575));
#2461=CARTESIAN_POINT('',(-0.0207975916669156,-0.0522109897246416,0.00297976363541961));
#2462=CARTESIAN_POINT('',(-0.0233257832268136,0.0201869441323255,0.00550795519531756));
#2463=CARTESIAN_POINT('',(-0.00418282803149606,0.0201869441323254,0.00550795519531755));
#2464=CARTESIAN_POINT('',(0.0136901271638215,0.0201869441323255,0.00550795519531755));
#2465=CARTESIAN_POINT('',(0.0111634805503027,-0.0521667482488198,0.00298130858179876));
#2466=CARTESIAN_POINT('',(0.0338258783193241,-0.0529571727262967,0.00295370635082015));
#2467=CARTESIAN_POINT('',(0.0343584171379737,-0.0377072562324618,0.00348624516946976));
#2468=CARTESIAN_POINT('',(-0.00418282803149606,-0.0377072562324618,0.00348624516946976));
#2469=CARTESIAN_POINT('',(0.0163973621345365,-0.0377072562324618,0.00348624516946976));
#2470=CARTESIAN_POINT('',(-0.00413903211447881,-0.0376430329821401,0.00348848789479026));
#2471=CARTESIAN_POINT('',(0.0133105538330432,-0.0376975986490203,0.00348658241971497));
#2472=CARTESIAN_POINT('',(-0.00418282803149606,-0.0376975936570312,0.00348658259403907));
#2473=CARTESIAN_POINT('',(-0.00265300148579267,-0.0376975936570312,0.00348658259403907));
#2474=CARTESIAN_POINT('',(-0.00422657927627088,-0.0377025252596233,0.00348641037868172));
#2475=CARTESIAN_POINT('',(-0.00573620464227303,-0.0377072612552002,0.00348624499407187));
#2476=CARTESIAN_POINT('',(-0.00418282803149606,-0.0377072562324618,0.00348624516946976));
#2477=CARTESIAN_POINT('',(-0.021712685020282,-0.0377072562324618,0.00348624516946976));
#2478=CARTESIAN_POINT('',(-0.00413898121484342,-0.0377627436954667,0.00348430750456449));
#2479=CARTESIAN_POINT('',(-0.0247694620312787,-0.0376975987473809,0.00348658241628014));
#2480=CARTESIAN_POINT('',(-0.00418282803149606,-0.0376975936570312,0.00348658259403907));
#2481=CARTESIAN_POINT('',(-0.0427244106255351,-0.0376975936570312,0.00348658259403908));
#2482=CARTESIAN_POINT('',(-0.0421915343823163,-0.0529571727262967,0.00295370635082015));
#2483=CARTESIAN_POINT('',(-0.0441353531577554,0.0027065140632673,0.00489752512625936));
#2484=CARTESIAN_POINT('',(-0.00418282803149606,0.00270651406326731,0.00489752512625936));
#2485=CARTESIAN_POINT('',(0.0474542519685039,0.0313385039370079,0.00589737624473031));
#2486=CARTESIAN_POINT('',(-0.0558199080314961,0.0313385039370079,0.00589737624473031));
#2487=CARTESIAN_POINT('',(-0.0558199080314961,-0.0496314960629921,0.00306984153898349));
#2488=CARTESIAN_POINT('',(0.0474542519685039,-0.0496314960629921,0.00306984153898349));
#2489=CARTESIAN_POINT('',(-0.00418282803149606,-0.0091464960629921,0.));
#2490=CARTESIAN_POINT('',(-0.0538199080314961,-0.0476314960629921,0.));
#2491=CARTESIAN_POINT('',(-0.0521199080314961,-0.0476314960629921,0.));
#2492=CARTESIAN_POINT('',(0.0454542519685039,-0.0476314960629921,0.));
#2493=CARTESIAN_POINT('',(0.0471542519685039,-0.0476314960629921,0.));
#2494=CARTESIAN_POINT('',(0.0454542519685039,0.0293385039370079,0.));
#2495=CARTESIAN_POINT('',(0.0471542519685039,0.0293385039370079,0.));
#2496=CARTESIAN_POINT('',(-0.0538199080314961,0.0293385039370079,0.));
#2497=CARTESIAN_POINT('',(-0.0521199080314961,0.0293385039370079,0.));
#2498=CARTESIAN_POINT('',(0.0474542519685039,0.0313385039370079,0.));
#2499=CARTESIAN_POINT('',(0.0474542519685039,-0.0496314960629921,0.));
#2500=CARTESIAN_POINT('',(-0.0558199080314961,-0.0496314960629921,0.));
#2501=CARTESIAN_POINT('',(-0.0558199080314961,0.0313385039370079,0.));
#2502=CARTESIAN_POINT('',(-0.0407378280314961,-0.027726011062992,0.));
#2503=CARTESIAN_POINT('',(-0.0407378280314961,-0.035711011062992,0.));
#2504=CARTESIAN_POINT('',(-0.0407378280314961,-0.0197410110629921,0.));
#2505=CARTESIAN_POINT('',(-0.0327528280314971,-0.035711011062992,0.));
#2506=CARTESIAN_POINT('',(-0.0247678280314982,-0.035711011062992,0.));
#2507=CARTESIAN_POINT('',(-0.0247678280314982,-0.027726011062992,0.));
#2508=CARTESIAN_POINT('',(-0.0247678280314982,-0.019741011062992,0.));
#2509=CARTESIAN_POINT('',(-0.0327528280314971,-0.0197410110629921,0.));
#2510=CARTESIAN_POINT('',(-0.0327528280314961,-0.000691011062992061,0.));
#2511=CARTESIAN_POINT('',(-0.0407378280314961,-0.000691011062992061,0.));
#2512=CARTESIAN_POINT('',(-0.0247678280314961,-0.000691011062992058,0.));
#2513=CARTESIAN_POINT('',(-0.0407378280314961,-0.00867601106299206,0.));
#2514=CARTESIAN_POINT('',(-0.0407378280314961,-0.0166610110629921,0.));
#2515=CARTESIAN_POINT('',(-0.0327528280314961,-0.0166610110629921,0.));
#2516=CARTESIAN_POINT('',(-0.0247678280314961,-0.0166610110629921,0.));
#2517=CARTESIAN_POINT('',(-0.0247678280314961,-0.00867601106299204,0.));
#2518=CARTESIAN_POINT('',(-0.0137102420314973,-0.000698795062992072,0.));
#2519=CARTESIAN_POINT('',(-0.0216952420314985,-0.000698795062992069,0.));
#2520=CARTESIAN_POINT('',(-0.00572524203149606,-0.000698795062992072,0.));
#2521=CARTESIAN_POINT('',(-0.0216952420314985,-0.00868379506299207,0.));
#2522=CARTESIAN_POINT('',(-0.0216952420314985,-0.0166687950629921,0.));
#2523=CARTESIAN_POINT('',(-0.0137102420314973,-0.0166687950629921,0.));
#2524=CARTESIAN_POINT('',(-0.00572524203149606,-0.0166687950629921,0.));
#2525=CARTESIAN_POINT('',(-0.00572524203149606,-0.00868379506299207,0.));
#2526=CARTESIAN_POINT('',(0.00533332196850603,-0.00069943206299207,0.));
#2527=CARTESIAN_POINT('',(-0.00265167803149188,-0.00069943206299207,0.));
#2528=CARTESIAN_POINT('',(0.0133183219685039,-0.00069943206299207,0.));
#2529=CARTESIAN_POINT('',(-0.00265167803149188,-0.00868443206299207,0.));
#2530=CARTESIAN_POINT('',(-0.00265167803149188,-0.0166694320629921,0.));
#2531=CARTESIAN_POINT('',(0.00533332196850603,-0.0166694320629921,0.));
#2532=CARTESIAN_POINT('',(0.0133183219685039,-0.0166694320629921,0.));
#2533=CARTESIAN_POINT('',(0.0133183219685039,-0.00868443206299207,0.));
#2534=CARTESIAN_POINT('',(0.0243871719685039,-0.035721011062992,0.));
#2535=CARTESIAN_POINT('',(0.0323721719685039,-0.035721011062992,0.));
#2536=CARTESIAN_POINT('',(0.016402171968504,-0.035721011062992,0.));
#2537=CARTESIAN_POINT('',(0.0323721719685039,-0.0277360110629921,0.));
#2538=CARTESIAN_POINT('',(0.0323721719685039,-0.0197510110629921,0.));
#2539=CARTESIAN_POINT('',(0.0243871719685039,-0.0197510110629921,0.));
#2540=CARTESIAN_POINT('',(0.016402171968504,-0.0197510110629921,0.));
#2541=CARTESIAN_POINT('',(0.016402171968504,-0.0277360110629921,0.));
#2542=CARTESIAN_POINT('',(0.00532717196850393,-0.035711011062992,0.));
#2543=CARTESIAN_POINT('',(0.0133121719685039,-0.035711011062992,0.));
#2544=CARTESIAN_POINT('',(-0.00265782803149608,-0.035711011062992,0.));
#2545=CARTESIAN_POINT('',(0.0133121719685039,-0.027726011062992,0.));
#2546=CARTESIAN_POINT('',(0.0133121719685039,-0.0197410110629921,0.));
#2547=CARTESIAN_POINT('',(0.00532717196850393,-0.0197410110629921,0.));
#2548=CARTESIAN_POINT('',(-0.00265782803149608,-0.0197410110629921,0.));
#2549=CARTESIAN_POINT('',(-0.00265782803149608,-0.027726011062992,0.));
#2550=CARTESIAN_POINT('',(-0.00573782803149606,-0.0277360110629921,0.));
#2551=CARTESIAN_POINT('',(-0.00573782803149606,-0.0197510110629921,0.));
#2552=CARTESIAN_POINT('',(-0.00573782803149606,-0.035721011062992,0.));
#2553=CARTESIAN_POINT('',(-0.0137228280314971,-0.0197510110629921,0.));
#2554=CARTESIAN_POINT('',(-0.0217078280314982,-0.0197510110629921,0.));
#2555=CARTESIAN_POINT('',(-0.0217078280314982,-0.0277360110629921,0.));
#2556=CARTESIAN_POINT('',(-0.0217078280314982,-0.035721011062992,0.));
#2557=CARTESIAN_POINT('',(-0.0137228280314971,-0.035721011062992,0.));
#2558=CARTESIAN_POINT('',(0.0250871719685039,-0.00228601106299207,0.));
#2559=CARTESIAN_POINT('',(0.0189871719685039,-0.00228601106299207,0.));
#2560=CARTESIAN_POINT('',(0.031187171968504,-0.00228601106299207,0.));
#2561=CARTESIAN_POINT('',(0.0189871719685039,-0.00818601106299208,0.));
#2562=CARTESIAN_POINT('',(0.0189871719685039,-0.0140860110629921,0.));
#2563=CARTESIAN_POINT('',(0.0291371719685039,-0.0140860110629921,0.));
#2564=CARTESIAN_POINT('',(0.031187171968504,-0.0140860110629921,0.));
#2565=CARTESIAN_POINT('',(0.031187171968504,-0.00348601106299207,0.));
#2566=CARTESIAN_POINT('',(-0.00418282803149606,-0.0372210110629921,0.003));
#2567=CARTESIAN_POINT('',(0.0211871719685039,-0.0245360110629921,-0.009685));
#2568=CARTESIAN_POINT('',(0.0163989357352588,-0.0372210110629921,0.003));
#2569=CARTESIAN_POINT('',(0.0148555538497627,-0.0367160110629921,0.0025));
#2570=CARTESIAN_POINT('',(0.0133105538412892,-0.0372110136812797,0.003));
#2571=CARTESIAN_POINT('',(0.0333721719685039,-0.00972522156299208,0.0025));
#2572=CARTESIAN_POINT('',(-0.00418282803149606,-0.0372110110629921,0.003));
#2573=CARTESIAN_POINT('',(-0.00265458129108301,-0.0372110110629921,0.003));
#2574=CARTESIAN_POINT('',(-0.00419620465915011,-0.0367160110629921,0.0025));
#2575=CARTESIAN_POINT('',(-0.00573620465059387,-0.037221013698309,0.003));
#2576=CARTESIAN_POINT('',(-0.00418282803149606,-0.0372210110629921,0.003));
#2577=CARTESIAN_POINT('',(-0.0217110959922656,-0.0372210110629921,0.003));
#2578=CARTESIAN_POINT('',(-0.00418282803149606,0.000801204937007922,0.003));
#2579=CARTESIAN_POINT('',(-0.00481782803149606,0.00199009693700793,0.004188892));
#2580=CARTESIAN_POINT('',(-0.0216939753446395,0.00199009829190612,0.00418889064510181));
#2581=CARTESIAN_POINT('',(-0.021693975348072,0.000301204937007922,0.0025));
#2582=CARTESIAN_POINT('',(-0.0232394620140626,-0.036716011062992,0.0025));
#2583=CARTESIAN_POINT('',(-0.0247694620227877,-0.0372110137328697,0.003));
#2584=CARTESIAN_POINT('',(-0.0232302683480719,0.000305096937007929,0.0025));
#2585=CARTESIAN_POINT('',(-0.023230268341215,0.00199204564368199,0.00418694329332593));
#2586=CARTESIAN_POINT('',(-0.0220063216777725,0.00199049529073142,0.00418849364627651));
#2587=CARTESIAN_POINT('',(-0.0174998758113992,-0.00252738153561068,-0.000317952220096935));
#2588=CARTESIAN_POINT('',(-0.0247665613480719,0.000308988937007938,0.0025));
#2589=CARTESIAN_POINT('',(-0.00418282803149606,-0.0372110110629921,0.003));
#2590=CARTESIAN_POINT('',(-0.0328829896981628,-0.0278561727296588,-0.00635483833333332));
#2591=CARTESIAN_POINT('',(-0.00418282803149606,0.00080898893700794,0.003));
#2592=CARTESIAN_POINT('',(-0.038919333031496,-0.00250950606299207,-0.000318495000000012));
#2593=CARTESIAN_POINT('',(-0.042237828031496,-0.0091464960629921,0.003));
#2594=CARTESIAN_POINT('',(-0.00481782803149606,0.00342898893700793,0.00275));
#2595=CARTESIAN_POINT('',(0.0085988386351706,0.00576232227034126,0.000416666666666668));
#2596=CARTESIAN_POINT('',(-0.015317828031496,0.00867898893700793,-0.0025));
#2597=CARTESIAN_POINT('',(-0.020817828031496,-0.0091464960629921,0.003));
#2598=CARTESIAN_POINT('',(-0.015272828031496,0.0121339889370079,-0.002545));
#2599=CARTESIAN_POINT('',(0.0109321719685039,0.0104289889370079,0.00275));
#2600=CARTESIAN_POINT('',(0.00606050530183727,0.0125573222703413,-0.00212166666666666));
#2601=CARTESIAN_POINT('',(-0.00418282803149606,0.0176789889370079,0.003));
#2602=CARTESIAN_POINT('',(0.0250871719685039,-0.00228601106299207,0.0015));
#2603=CARTESIAN_POINT('',(0.031187171968504,-0.00228601106299207,0.0015));
#2604=CARTESIAN_POINT('',(0.031187171968504,-0.00228601106299207,0.0015));
#2605=CARTESIAN_POINT('',(0.0250871719685039,-0.00228601106299207,0.0015));
#2606=CARTESIAN_POINT('',(0.0189871719685039,-0.00228601106299207,0.0015));
#2607=CARTESIAN_POINT('',(0.0189871719685039,-0.00228601106299207,0.0015));
#2608=CARTESIAN_POINT('',(0.031187171968504,-0.00348601106299207,0.0015));
#2609=CARTESIAN_POINT('',(0.031187171968504,-0.0140860110629921,0.0015));
#2610=CARTESIAN_POINT('',(0.031187171968504,-0.0140860110629921,0.0015));
#2611=CARTESIAN_POINT('',(0.031187171968504,-0.00348601106299207,0.0015));
#2612=CARTESIAN_POINT('',(0.0291371719685039,-0.0140860110629921,0.0015));
#2613=CARTESIAN_POINT('',(0.0189871719685039,-0.0140860110629921,0.0015));
#2614=CARTESIAN_POINT('',(0.0189871719685039,-0.0140860110629921,0.0015));
#2615=CARTESIAN_POINT('',(0.0291371719685039,-0.0140860110629921,0.0015));
#2616=CARTESIAN_POINT('',(-0.00573782803149606,-0.0277360110629921,0.0015));
#2617=CARTESIAN_POINT('',(-0.00573782803149606,-0.035721011062992,0.0015));
#2618=CARTESIAN_POINT('',(-0.00573782803149606,-0.035721011062992,0.0015));
#2619=CARTESIAN_POINT('',(-0.00573782803149606,-0.0277360110629921,0.0015));
#2620=CARTESIAN_POINT('',(-0.00573782803149606,-0.0197510110629921,0.0015));
#2621=CARTESIAN_POINT('',(-0.00573782803149606,-0.0197510110629921,0.0015));
#2622=CARTESIAN_POINT('',(-0.0137228280314971,-0.035721011062992,0.0015));
#2623=CARTESIAN_POINT('',(-0.0217078280314982,-0.035721011062992,0.0015));
#2624=CARTESIAN_POINT('',(-0.0217078280314982,-0.035721011062992,0.0015));
#2625=CARTESIAN_POINT('',(-0.0137228280314971,-0.035721011062992,0.0015));
#2626=CARTESIAN_POINT('',(-0.0217078280314982,-0.0277360110629921,0.0015));
#2627=CARTESIAN_POINT('',(-0.0217078280314982,-0.0197510110629921,0.0015));
#2628=CARTESIAN_POINT('',(-0.0217078280314982,-0.0197510110629921,0.0015));
#2629=CARTESIAN_POINT('',(-0.0217078280314982,-0.0277360110629921,0.0015));
#2630=CARTESIAN_POINT('',(0.00532717196850393,-0.035711011062992,0.0015));
#2631=CARTESIAN_POINT('',(-0.00265782803149608,-0.035711011062992,0.0015));
#2632=CARTESIAN_POINT('',(-0.00265782803149608,-0.035711011062992,0.0015));
#2633=CARTESIAN_POINT('',(0.00532717196850393,-0.035711011062992,0.0015));
#2634=CARTESIAN_POINT('',(0.0133121719685039,-0.035711011062992,0.0015));
#2635=CARTESIAN_POINT('',(0.0133121719685039,-0.035711011062992,0.0015));
#2636=CARTESIAN_POINT('',(-0.00265782803149608,-0.027726011062992,0.0015));
#2637=CARTESIAN_POINT('',(-0.00265782803149608,-0.0197410110629921,0.0015));
#2638=CARTESIAN_POINT('',(-0.00265782803149608,-0.0197410110629921,0.0015));
#2639=CARTESIAN_POINT('',(-0.00265782803149608,-0.027726011062992,0.0015));
#2640=CARTESIAN_POINT('',(0.00532717196850393,-0.0197410110629921,0.0015));
#2641=CARTESIAN_POINT('',(0.0133121719685039,-0.0197410110629921,0.0015));
#2642=CARTESIAN_POINT('',(0.0133121719685039,-0.0197410110629921,0.0015));
#2643=CARTESIAN_POINT('',(0.00532717196850393,-0.0197410110629921,0.0015));
#2644=CARTESIAN_POINT('',(0.0243871719685039,-0.035721011062992,0.0015));
#2645=CARTESIAN_POINT('',(0.016402171968504,-0.035721011062992,0.0015));
#2646=CARTESIAN_POINT('',(0.016402171968504,-0.035721011062992,0.0015));
#2647=CARTESIAN_POINT('',(0.0243871719685039,-0.035721011062992,0.0015));
#2648=CARTESIAN_POINT('',(0.0323721719685039,-0.035721011062992,0.0015));
#2649=CARTESIAN_POINT('',(0.0323721719685039,-0.035721011062992,0.0015));
#2650=CARTESIAN_POINT('',(0.016402171968504,-0.0277360110629921,0.0015));
#2651=CARTESIAN_POINT('',(0.016402171968504,-0.0197510110629921,0.0015));
#2652=CARTESIAN_POINT('',(0.016402171968504,-0.0197510110629921,0.0015));
#2653=CARTESIAN_POINT('',(0.016402171968504,-0.0277360110629921,0.0015));
#2654=CARTESIAN_POINT('',(0.0243871719685039,-0.0197510110629921,0.0015));
#2655=CARTESIAN_POINT('',(0.0323721719685039,-0.0197510110629921,0.0015));
#2656=CARTESIAN_POINT('',(0.0323721719685039,-0.0197510110629921,0.0015));
#2657=CARTESIAN_POINT('',(0.0243871719685039,-0.0197510110629921,0.0015));
#2658=CARTESIAN_POINT('',(0.00533332196850603,-0.00069943206299207,0.0015));
#2659=CARTESIAN_POINT('',(0.0133183219685039,-0.00069943206299207,0.0015));
#2660=CARTESIAN_POINT('',(0.0133183219685039,-0.00069943206299207,0.0015));
#2661=CARTESIAN_POINT('',(0.00533332196850603,-0.00069943206299207,0.0015));
#2662=CARTESIAN_POINT('',(-0.00265167803149188,-0.00069943206299207,0.0015));
#2663=CARTESIAN_POINT('',(-0.00265167803149188,-0.00069943206299207,0.0015));
#2664=CARTESIAN_POINT('',(0.0133183219685039,-0.00868443206299207,0.0015));
#2665=CARTESIAN_POINT('',(0.0133183219685039,-0.0166694320629921,0.0015));
#2666=CARTESIAN_POINT('',(0.0133183219685039,-0.0166694320629921,0.0015));
#2667=CARTESIAN_POINT('',(0.0133183219685039,-0.00868443206299207,0.0015));
#2668=CARTESIAN_POINT('',(0.00533332196850603,-0.0166694320629921,0.0015));
#2669=CARTESIAN_POINT('',(-0.00265167803149188,-0.0166694320629921,0.0015));
#2670=CARTESIAN_POINT('',(-0.00265167803149188,-0.0166694320629921,0.0015));
#2671=CARTESIAN_POINT('',(0.00533332196850603,-0.0166694320629921,0.0015));
#2672=CARTESIAN_POINT('',(-0.0137102420314973,-0.000698795062992072,0.0015));
#2673=CARTESIAN_POINT('',(-0.00572524203149606,-0.000698795062992072,0.0015));
#2674=CARTESIAN_POINT('',(-0.00572524203149606,-0.000698795062992072,0.0015));
#2675=CARTESIAN_POINT('',(-0.0137102420314973,-0.000698795062992072,0.0015));
#2676=CARTESIAN_POINT('',(-0.0216952420314985,-0.000698795062992069,0.0015));
#2677=CARTESIAN_POINT('',(-0.0216952420314985,-0.000698795062992069,0.0015));
#2678=CARTESIAN_POINT('',(-0.00572524203149606,-0.00868379506299207,0.0015));
#2679=CARTESIAN_POINT('',(-0.00572524203149606,-0.0166687950629921,0.0015));
#2680=CARTESIAN_POINT('',(-0.00572524203149606,-0.0166687950629921,0.0015));
#2681=CARTESIAN_POINT('',(-0.00572524203149606,-0.00868379506299207,0.0015));
#2682=CARTESIAN_POINT('',(-0.0137102420314973,-0.0166687950629921,0.0015));
#2683=CARTESIAN_POINT('',(-0.0216952420314985,-0.0166687950629921,0.0015));
#2684=CARTESIAN_POINT('',(-0.0216952420314985,-0.0166687950629921,0.0015));
#2685=CARTESIAN_POINT('',(-0.0137102420314973,-0.0166687950629921,0.0015));
#2686=CARTESIAN_POINT('',(-0.0327528280314961,-0.000691011062992061,0.0015));
#2687=CARTESIAN_POINT('',(-0.0247678280314961,-0.000691011062992058,0.0015));
#2688=CARTESIAN_POINT('',(-0.0247678280314961,-0.000691011062992058,0.0015));
#2689=CARTESIAN_POINT('',(-0.0327528280314961,-0.000691011062992061,0.0015));
#2690=CARTESIAN_POINT('',(-0.0407378280314961,-0.000691011062992061,0.0015));
#2691=CARTESIAN_POINT('',(-0.0407378280314961,-0.000691011062992061,0.0015));
#2692=CARTESIAN_POINT('',(-0.0247678280314961,-0.00867601106299204,0.0015));
#2693=CARTESIAN_POINT('',(-0.0247678280314961,-0.0166610110629921,0.0015));
#2694=CARTESIAN_POINT('',(-0.0247678280314961,-0.0166610110629921,0.0015));
#2695=CARTESIAN_POINT('',(-0.0247678280314961,-0.00867601106299204,0.0015));
#2696=CARTESIAN_POINT('',(-0.0327528280314961,-0.0166610110629921,0.0015));
#2697=CARTESIAN_POINT('',(-0.0407378280314961,-0.0166610110629921,0.0015));
#2698=CARTESIAN_POINT('',(-0.0407378280314961,-0.0166610110629921,0.0015));
#2699=CARTESIAN_POINT('',(-0.0327528280314961,-0.0166610110629921,0.0015));
#2700=CARTESIAN_POINT('',(-0.0407378280314961,-0.027726011062992,0.0015));
#2701=CARTESIAN_POINT('',(-0.0407378280314961,-0.0197410110629921,0.0015));
#2702=CARTESIAN_POINT('',(-0.0407378280314961,-0.0197410110629921,0.0015));
#2703=CARTESIAN_POINT('',(-0.0407378280314961,-0.027726011062992,0.0015));
#2704=CARTESIAN_POINT('',(-0.0407378280314961,-0.035711011062992,0.0015));
#2705=CARTESIAN_POINT('',(-0.0407378280314961,-0.035711011062992,0.0015));
#2706=CARTESIAN_POINT('',(-0.0327528280314971,-0.0197410110629921,0.0015));
#2707=CARTESIAN_POINT('',(-0.0247678280314982,-0.019741011062992,0.0015));
#2708=CARTESIAN_POINT('',(-0.0247678280314982,-0.019741011062992,0.0015));
#2709=CARTESIAN_POINT('',(-0.0327528280314971,-0.0197410110629921,0.0015));
#2710=CARTESIAN_POINT('',(-0.0247678280314982,-0.027726011062992,0.0015));
#2711=CARTESIAN_POINT('',(-0.0247678280314982,-0.035711011062992,0.0015));
#2712=CARTESIAN_POINT('',(-0.0247678280314982,-0.035711011062992,0.0015));
#2713=CARTESIAN_POINT('',(-0.0247678280314982,-0.027726011062992,0.0015));
#2714=CARTESIAN_POINT('',(-0.0137228280314971,-0.0197510110629921,0.0015));
#2715=CARTESIAN_POINT('',(-0.0137228280314971,-0.0197510110629921,0.0015));
#2716=CARTESIAN_POINT('',(0.0133121719685039,-0.027726011062992,0.0015));
#2717=CARTESIAN_POINT('',(0.0133121719685039,-0.027726011062992,0.0015));
#2718=CARTESIAN_POINT('',(0.0323721719685039,-0.0277360110629921,0.0015));
#2719=CARTESIAN_POINT('',(0.0323721719685039,-0.0277360110629921,0.0015));
#2720=CARTESIAN_POINT('',(-0.00265167803149188,-0.00868443206299207,0.0015));
#2721=CARTESIAN_POINT('',(-0.00265167803149188,-0.00868443206299207,0.0015));
#2722=CARTESIAN_POINT('',(-0.0216952420314985,-0.00868379506299207,0.0015));
#2723=CARTESIAN_POINT('',(-0.0216952420314985,-0.00868379506299207,0.0015));
#2724=CARTESIAN_POINT('',(-0.0407378280314961,-0.00867601106299206,0.0015));
#2725=CARTESIAN_POINT('',(-0.0407378280314961,-0.00867601106299206,0.0015));
#2726=CARTESIAN_POINT('',(-0.0327528280314971,-0.035711011062992,0.0015));
#2727=CARTESIAN_POINT('',(-0.0327528280314971,-0.035711011062992,0.0015));
#2728=CARTESIAN_POINT('',(0.0189871719685039,-0.00818601106299208,0.0015));
#2729=CARTESIAN_POINT('',(0.0189871719685039,-0.00818601106299208,0.0015));
#2730=CARTESIAN_POINT('',(-0.00418282803149608,-0.0182060110629921,0.0015));
#2731=CARTESIAN_POINT('',(-0.0538199080314961,0.0293385039370079,0.003));
#2732=CARTESIAN_POINT('',(-0.0538199080314961,0.0293385039370079,0.0015));
#2733=CARTESIAN_POINT('',(-0.0555199080314961,0.0293385039370079,0.0015));
#2734=CARTESIAN_POINT('',(-0.0508199080314961,0.0293385039370079,0.0015));
#2735=CARTESIAN_POINT('',(-0.0538199080314961,0.0293385039370079,0.0015));
#2736=CARTESIAN_POINT('',(-0.0568199080314961,0.0293385039370079,0.0015));
#2737=CARTESIAN_POINT('',(-0.0538199080314961,0.0293385039370079,0.003));
#2738=CARTESIAN_POINT('',(0.0454542519685039,0.0293385039370079,0.003));
#2739=CARTESIAN_POINT('',(0.0454542519685039,0.0293385039370079,0.0015));
#2740=CARTESIAN_POINT('',(0.0437542519685039,0.0293385039370079,0.0015));
#2741=CARTESIAN_POINT('',(0.0484542519685039,0.0293385039370079,0.0015));
#2742=CARTESIAN_POINT('',(0.0454542519685039,0.0293385039370079,0.0015));
#2743=CARTESIAN_POINT('',(0.0424542519685039,0.0293385039370079,0.0015));
#2744=CARTESIAN_POINT('',(0.0454542519685039,0.0293385039370079,0.003));
#2745=CARTESIAN_POINT('',(0.0454542519685039,-0.0476314960629921,0.003));
#2746=CARTESIAN_POINT('',(0.0454542519685039,-0.0476314960629921,0.0015));
#2747=CARTESIAN_POINT('',(0.0437542519685039,-0.0476314960629921,0.0015));
#2748=CARTESIAN_POINT('',(0.0484542519685039,-0.0476314960629921,0.0015));
#2749=CARTESIAN_POINT('',(0.0454542519685039,-0.0476314960629921,0.0015));
#2750=CARTESIAN_POINT('',(0.0424542519685039,-0.0476314960629921,0.0015));
#2751=CARTESIAN_POINT('',(0.0454542519685039,-0.0476314960629921,0.003));
#2752=CARTESIAN_POINT('',(-0.0538199080314961,-0.0476314960629921,0.003));
#2753=CARTESIAN_POINT('',(-0.0538199080314961,-0.0476314960629921,0.0015));
#2754=CARTESIAN_POINT('',(-0.0555199080314961,-0.0476314960629921,0.0015));
#2755=CARTESIAN_POINT('',(-0.0508199080314961,-0.0476314960629921,0.0015));
#2756=CARTESIAN_POINT('',(-0.0538199080314961,-0.0476314960629921,0.0015));
#2757=CARTESIAN_POINT('',(-0.0568199080314961,-0.0476314960629921,0.0015));
#2758=CARTESIAN_POINT('',(-0.0538199080314961,-0.0476314960629921,0.003));
#2759=CARTESIAN_POINT('',(0.0474542519685039,0.0313385039370079,0.003));
#2760=CARTESIAN_POINT('',(-0.0558199080314961,0.0313385039370079,0.003));
#2761=CARTESIAN_POINT('',(-0.0558199080314961,-0.0496314960629921,0.003));
#2762=CARTESIAN_POINT('',(0.0474542519685039,-0.0496314960629921,0.003));
#2763=MECHANICAL_DESIGN_GEOMETRIC_PRESENTATION_REPRESENTATION('',(#1726),
#2764);
#2764=(
GEOMETRIC_REPRESENTATION_CONTEXT(3)
GLOBAL_UNCERTAINTY_ASSIGNED_CONTEXT((#2765))
GLOBAL_UNIT_ASSIGNED_CONTEXT((#2768,#2767,#2766))
REPRESENTATION_CONTEXT('Part 1','TOP_LEVEL_ASSEMBLY_PART')
);
#2765=UNCERTAINTY_MEASURE_WITH_UNIT(LENGTH_MEASURE(1.E-8),#2768,
'DISTANCE_ACCURACY_VALUE','Maximum Tolerance applied to model');
#2766=(
NAMED_UNIT(*)
SI_UNIT($,.STERADIAN.)
SOLID_ANGLE_UNIT()
);
#2767=(
NAMED_UNIT(*)
PLANE_ANGLE_UNIT()
SI_UNIT($,.RADIAN.)
);
#2768=(
LENGTH_UNIT()
NAMED_UNIT(*)
SI_UNIT($,.METRE.)
);
#2769=PRODUCT_DEFINITION_SHAPE('','',#2770);
#2770=PRODUCT_DEFINITION('','',#2772,#2771);
#2771=PRODUCT_DEFINITION_CONTEXT('',#2778,'design');
#2772=PRODUCT_DEFINITION_FORMATION_WITH_SPECIFIED_SOURCE('','',#2774,
 .NOT_KNOWN.);
#2773=PRODUCT_RELATED_PRODUCT_CATEGORY('','',(#2774));
#2774=PRODUCT('Part 1','Part 1','Part 1',(#2776));
#2775=PRODUCT_CATEGORY('','');
#2776=PRODUCT_CONTEXT('',#2778,'mechanical');
#2777=APPLICATION_PROTOCOL_DEFINITION('international standard',
'ap242_managed_model_based_3d_engineering',2020,#2778);
#2778=APPLICATION_CONTEXT('managed model based 3d engineering');
ENDSEC;
END-ISO-10303-21;
